run_id,gate,metric,value,threshold,direction,relative_distance,timeframe,concept_family
trial-1784cb9aa3b3,minimum_sample,total_trades,15,200,>=,-0.925,1h,mean_reversion
trial-522e404a053d,minimum_sample,total_trades,5,100,>=,-0.95,4h,market_structure
trial-066ab9921b87,minimum_sample,total_trades,97,200,>=,-0.515,1h,mean_reversion_liquidity
trial-f9ab2568c278,minimum_sample,total_trades,0,200,>=,-1.0,1h,unknown
trial-a3490b1a909b,minimum_sample,total_trades,14,200,>=,-0.93,1h,mean_reversion
trial-d4d3860056e2,minimum_sample,total_trades,5,100,>=,-0.95,4h,trend
trial-a7764b7a6a87,minimum_sample,total_trades,0,200,>=,-1.0,1h,trend
trial-cd1070ba7693,minimum_sample,total_trades,0,100,>=,-1.0,4h,trend
trial-a635f7e6f9ac,minimum_sample,total_trades,0,200,>=,-1.0,1h,unknown
trial-95217e2787fb,minimum_sample,total_trades,8,200,>=,-0.96,1h,trend
trial-679dbae31a96,minimum_sample,total_trades,20,200,>=,-0.9,1h,trend
trial-44df286d9281,minimum_sample,total_trades,13,200,>=,-0.935,1h,trend
trial-f5005fcae014,minimum_sample,total_trades,1,200,>=,-0.995,1h,trend
trial-596540589f37,minimum_sample,total_trades,52,100,>=,-0.48,4h,trend
trial-ae5070385459,minimum_sample,total_trades,28,200,>=,-0.86,1h,mean_reversion
trial-f1c0b5e9dc5c,basic_quality,profit_factor,0.8698,1.25,>=,-0.304,1h,unknown
trial-f1c0b5e9dc5c,basic_quality,sharpe,-0.4555,0.8,>=,-1.569,1h,unknown
trial-b52a8ce25770,minimum_sample,total_trades,81,100,>=,-0.19,4h,unknown
trial-c1ae13cdb338,minimum_sample,total_trades,1,100,>=,-0.99,4h,trend
trial-18f977d8e40a,minimum_sample,total_trades,15,100,>=,-0.85,4h,trend
trial-5ebb6302891c,minimum_sample,total_trades,30,200,>=,-0.85,1h,trend
trial-a51b0bb4118f,minimum_sample,total_trades,36,200,>=,-0.82,1h,trend
trial-fc3413a05fd1,minimum_sample,total_trades,33,200,>=,-0.835,1h,trend
trial-b247573dbc53,minimum_sample,total_trades,0,200,>=,-1.0,1h,trend
trial-9a60d1534204,minimum_sample,total_trades,0,100,>=,-1.0,4h,unknown
trial-5cfb3530dad5,minimum_sample,total_trades,35,200,>=,-0.825,1h,trend
trial-95933ffb956c,basic_quality,profit_factor,0.6719,1.25,>=,-0.462,4h,unknown
trial-95933ffb956c,basic_quality,sharpe,-0.6313,0.8,>=,-1.789,4h,unknown
trial-9a9ae6033e7f,minimum_sample,total_trades,5,200,>=,-0.975,1h,trend
trial-6082d98a4d84,minimum_sample,total_trades,0,100,>=,-1.0,4h,trend
trial-a6e04a23c5d7,basic_quality,profit_factor,0.7672,1.25,>=,-0.386,1h,trend
trial-a6e04a23c5d7,basic_quality,sharpe,-1.1609,0.8,>=,-2.451,1h,trend
trial-10ae0c86f7fa,minimum_sample,total_trades,0,100,>=,-1.0,4h,trend
trial-c50505d466b7,minimum_sample,total_trades,0,100,>=,-1.0,4h,trend
6ac3e9f3d18a7b04b14106c5,minimum_sample,total_trades,0,100,>=,-1.0,1h,unknown
6ac3ea7ad18a7b04b14106c6,minimum_sample,total_trades,0,80,>=,-1.0,4h,trend
6ac3eaf9d18a7b04b14106c7,minimum_sample,total_trades,23,80,>=,-0.713,4h,trend
6ac3eb7fd18a7b04b14106c8,minimum_sample,total_trades,36,80,>=,-0.55,4h,trend
6ac3ebecd18a7b04b14106c9,minimum_sample,total_trades,9,100,>=,-0.91,1h,trend
6ac3ec8ad18a7b04b14106ca,minimum_sample,total_trades,0,80,>=,-1.0,4h,trend
6ac3ecf7d18a7b04b14106cb,minimum_sample,total_trades,5,100,>=,-0.95,1h,trend
6ac3edbed18a7b04b14106cc,basic_quality,profit_factor,0.0,1.25,>=,-1.0,1h,trend
6ac3edbed18a7b04b14106cc,basic_quality,sharpe,0.0,0.8,>=,-1.0,1h,trend
6ac3f046d18a7b04b14106ce,basic_quality,profit_factor,0.0,1.25,>=,-1.0,4h,trend
6ac3f046d18a7b04b14106ce,basic_quality,sharpe,0.0,0.8,>=,-1.0,4h,trend
6ac3f0f5d18a7b04b14106cf,minimum_sample,total_trades,18,100,>=,-0.82,1h,trend
6ac3f191d18a7b04b14106d0,minimum_sample,total_trades,2,100,>=,-0.98,1h,mean_reversion
6ac3f270d18a7b04b14106d1,minimum_sample,total_trades,13,80,>=,-0.838,4h,trend_reversion
6ac3f2e1d18a7b04b14106d2,minimum_sample,total_trades,82,100,>=,-0.18,1h,trend
6ac3f382d18a7b04b14106d3,minimum_sample,total_trades,11,80,>=,-0.863,4h,trend
6ac3f40ad18a7b04b14106d4,minimum_sample,total_trades,0,80,>=,-1.0,4h,unknown
6ac3f511d18a7b04b14106d5,minimum_sample,total_trades,0,80,>=,-1.0,4h,trend
6ac3f796d18a7b04b14106d7,minimum_sample,total_trades,0,80,>=,-1.0,4h,trend
6ac3f81ed18a7b04b14106d8,minimum_sample,total_trades,76,100,>=,-0.24,1h,trend
6ac3f898d18a7b04b14106d9,minimum_sample,total_trades,36,100,>=,-0.64,1h,trend
6ac3f964d18a7b04b14106da,basic_quality,profit_factor,0.0,1.25,>=,-1.0,1h,unknown
6ac3f964d18a7b04b14106da,basic_quality,sharpe,0.0,0.8,>=,-1.0,1h,unknown
6ac3f9b8d18a7b04b14106db,minimum_sample,total_trades,30,100,>=,-0.7,1h,trend
6ac3fb6fd18a7b04b14106dd,minimum_sample,total_trades,0,80,>=,-1.0,4h,unknown
trial-55db857b8939,basic_quality,profit_factor,0.873,1.25,>=,-0.302,1h,momentum
trial-55db857b8939,basic_quality,sharpe,-0.6971,0.8,>=,-1.871,1h,momentum
trial-561598dc3c6e,minimum_sample,total_trades,1,80,>=,-0.988,4h,trend
trial-539dd835659e,minimum_sample,total_trades,4,100,>=,-0.96,1h,trend
trial-4f69a94d26f6,minimum_sample,total_trades,1,100,>=,-0.99,1h,trend
trial-45852ba1710a,minimum_sample,total_trades,61,100,>=,-0.39,1h,mean_reversion
trial-84ceebf6419f,basic_quality,profit_factor,0.7801,1.25,>=,-0.376,1h,mean_reversion
trial-84ceebf6419f,basic_quality,sharpe,-0.5867,0.8,>=,-1.733,1h,mean_reversion
trial-2421ebc1f069,minimum_sample,total_trades,66,80,>=,-0.175,4h,trend
trial-b80578de0d9e,basic_quality,profit_factor,0.8011,1.25,>=,-0.359,1h,mean_reversion
trial-b80578de0d9e,basic_quality,sharpe,-1.5461,0.8,>=,-2.933,1h,mean_reversion
trial-1305388616e6,minimum_sample,total_trades,4,100,>=,-0.96,1h,trend
trial-22d50b9e62a4,basic_quality,profit_factor,0.9237,1.25,>=,-0.261,4h,trend
trial-22d50b9e62a4,basic_quality,sharpe,-0.2777,0.8,>=,-1.347,4h,trend
trial-c6d7cbf14629,minimum_sample,total_trades,70,100,>=,-0.3,1h,trend
trial-79e21e3fb3d9,basic_quality,profit_factor,0.7314,1.25,>=,-0.415,1h,trend
trial-79e21e3fb3d9,basic_quality,sharpe,-1.5741,0.8,>=,-2.968,1h,trend
trial-6681001dc56a,minimum_sample,total_trades,9,80,>=,-0.887,4h,trend
trial-078e70112342,basic_quality,profit_factor,0.7757,1.25,>=,-0.379,4h,trend
trial-078e70112342,basic_quality,sharpe,-0.6923,0.8,>=,-1.865,4h,trend
trial-fedf3ad950fd,minimum_sample,total_trades,1,100,>=,-0.99,1h,unknown
trial-5fb0406ab35f,basic_quality,profit_factor,0.8952,1.25,>=,-0.284,4h,trend
trial-5fb0406ab35f,basic_quality,sharpe,-0.3432,0.8,>=,-1.429,4h,trend
trial-55ac0544da24,basic_quality,profit_factor,0.9395,1.25,>=,-0.248,4h,trend
trial-55ac0544da24,basic_quality,sharpe,-0.1644,0.8,>=,-1.206,4h,trend
trial-f7556b51a205,basic_quality,profit_factor,1.0255,1.25,>=,-0.18,4h,trend
trial-f7556b51a205,basic_quality,sharpe,0.123,0.8,>=,-0.846,4h,trend
trial-35ba1f9a6c9d,minimum_sample,total_trades,50,100,>=,-0.5,1h,trend
trial-d5926040c87d,minimum_sample,total_trades,34,80,>=,-0.575,4h,trend
trial-004f04e2d6c4,minimum_sample,total_trades,38,100,>=,-0.62,1h,trend
trial-7914ad080198,basic_quality,profit_factor,0.812,1.25,>=,-0.35,1h,trend
trial-7914ad080198,basic_quality,sharpe,-0.8067,0.8,>=,-2.008,1h,trend
trial-58a35d588c4f,minimum_sample,total_trades,5,100,>=,-0.95,1h,trend
trial-9eea09def7ce,minimum_sample,total_trades,0,80,>=,-1.0,4h,trend
trial-399e305ac547,minimum_sample,total_trades,57,100,>=,-0.43,1h,trend
trial-e09e8d5891e2,minimum_sample,total_trades,56,80,>=,-0.3,4h,trend
trial-6b8ca5a4bc9a,minimum_sample,total_trades,8,100,>=,-0.92,1h,reversion
trial-11f1dd934f08,minimum_sample,total_trades,53,80,>=,-0.338,4h,trend
trial-ae077a88f1de,minimum_sample,total_trades,68,100,>=,-0.32,1h,trend
trial-d9955dc0f39c,basic_quality,profit_factor,1.0629,1.25,>=,-0.15,4h,trend
trial-d9955dc0f39c,basic_quality,sharpe,0.1816,0.8,>=,-0.773,4h,trend
trial-23774f19d27b,basic_quality,profit_factor,1.0853,1.25,>=,-0.132,4h,trend
trial-23774f19d27b,basic_quality,sharpe,0.2594,0.8,>=,-0.676,4h,trend
trial-d6a209c91741,basic_quality,profit_factor,0.7195,1.25,>=,-0.424,1h,trend
trial-d6a209c91741,basic_quality,sharpe,-1.5341,0.8,>=,-2.918,1h,trend
trial-ac2b26ccd9dd,minimum_sample,total_trades,10,80,>=,-0.875,4h,trend
trial-34ddea38d9dc,minimum_sample,total_trades,57,80,>=,-0.287,4h,trend
trial-3731c053240e,minimum_sample,total_trades,95,100,>=,-0.05,1h,trend
trial-c810668aa90a,minimum_sample,total_trades,67,100,>=,-0.33,1h,trend
trial-caf9274c9e0d,minimum_sample,total_trades,0,80,>=,-1.0,4h,mean_reversion
trial-bd60b45b9ca2,minimum_sample,total_trades,0,100,>=,-1.0,1h,trend
trial-6df9cd4b6897,minimum_sample,total_trades,4,100,>=,-0.96,1h,trend
trial-19449b693198,minimum_sample,total_trades,9,100,>=,-0.91,1h,trend
trial-4f041ece917b,minimum_sample,total_trades,0,100,>=,-1.0,1h,trend
trial-da693a8c699c,basic_quality,profit_factor,0.9882,1.25,>=,-0.209,4h,trend
trial-da693a8c699c,basic_quality,sharpe,0.0038,0.8,>=,-0.995,4h,trend
trial-7b960a9dbbcd,minimum_sample,total_trades,39,80,>=,-0.512,4h,trend
trial-6d339bc5d398,minimum_sample,total_trades,19,80,>=,-0.762,4h,trend
trial-ef66f60be5f6,basic_quality,profit_factor,0.8801,1.25,>=,-0.296,1h,trend
trial-ef66f60be5f6,basic_quality,sharpe,-0.2679,0.8,>=,-1.335,1h,trend
trial-2d4b5ac32de9,minimum_sample,total_trades,6,80,>=,-0.925,4h,trend
trial-df5908c08d7d,basic_quality,profit_factor,0.9108,1.25,>=,-0.271,4h,trend
trial-df5908c08d7d,basic_quality,sharpe,-0.3301,0.8,>=,-1.413,4h,trend
