name,concept,timeframe,session_filter,logic_summary,status,rejected_at
unnamed,mean_reversion_structure,1h,london_ny,"During the London and New York sessions, institutional market makers frequently engineer liquidity sweeps below/above recent swing lows/highs to trigger retail stop-loss clusters and induce breakout t",rejected,smoke_run
LondonNY_LiquiditySweep_CHOCH,market_structure,1h,london_ny,Gold is heavily manipulated by institutional algorithms that hunt retail stop-losses clustered around obvious swing highs and lows before reversing direction. Retail traders place tight stops just bey,rejected,determinism
LondonNY_LiquiditySweep_CHOCH,market_structure,1h,london_ny,Gold is heavily manipulated by institutional algorithms that hunt retail stop-losses clustered around obvious swing highs and lows before reversing direction. Retail traders place tight stops just bey,rejected,determinism
LondonNY_LiquiditySweep_CHOCH,market_structure,1h,london_ny,Gold is heavily manipulated by institutional algorithms that hunt retail stop-losses clustered around obvious swing highs and lows before reversing direction. Retail traders place tight stops just bey,rejected,determinism
GoldLiquidityReclaim,mean_reversion,1h,london_ny,XAUUSD exhibits persistent mean-reversion behavior following liquidity sweeps of confirmed swing points during active sessions. Institutional algorithms often trigger retail stop clusters beyond recen,rejected,determinism
LondonSweepDisplacement,mean_reversion_liquidity,1h,london_ny,"During the transition from the Asian session to the London open, institutional order flow in XAUUSD frequently engineers liquidity sweeps of the Asian session highs or lows. Retail breakout traders an",rejected,signal_validity
Strategy_trial-8b,unknown,1h,all,not available,rejected,determinism
LondonSweepReversal,mean_reversion,1h,london_ny,"During the London open, institutional desks execute large orders by engineering liquidity sweeps of the Asian session's range. Retail breakout traders enter on these false breakouts, providing the nec",rejected,minimum_sample
LiquiditySweepCHOCH,market_structure,4h,london_ny,"Institutional players in XAUUSD frequently engineer liquidity sweeps of recent swing highs/lows to fill large orders, trapping breakout traders. Once the sweep is complete and a Change of Character (C",rejected,minimum_sample
Strategy_trial-50,unknown,1h,all,not available,rejected,determinism
GoldVolCompressionBreakout,trend,4h,london_ny,XAUUSD exhibits persistent volatility clustering due to institutional order batching and macroeconomic data releases. Periods of extreme compression (low realized vol percentile) are reliably followed,rejected,determinism
LondonNY_LiquiditySweep_Choch,mean_reversion_liquidity,1h,london_ny,"During the London and New York sessions, institutional algorithms frequently engineer liquidity sweeps by pushing price just beyond recent swing highs or lows to trigger resting stop-loss orders. Reta",rejected,minimum_sample
Strategy_trial-f9,unknown,1h,all,not available,rejected,minimum_sample
Gold_VolExpansion_TrendContinuation,trend,4h,any,Gold is heavily traded by macro hedge funds and central banks that execute large orders over multiple days. When a sustained trend (ADX > threshold) experiences a temporary volatility contraction (Squ,rejected,determinism
Gold_HTF_Aligned_FVG_Reversion,trend,1h,london_ny,Institutional order flow in XAUUSD creates persistent imbalances (Fair Value Gaps) that act as high-probability re-entry zones when aligned with the higher timeframe trend. Retail traders often fade t,rejected,determinism
Gold_Session_VWAP_MeanReversion_Expansion,trend,1h,london_ny,"During the London-NY overlap, XAUUSD exhibits high liquidity and institutional participation. When price deviates significantly from the Session VWAP during this window but lacks structural confirmati",rejected,determinism
Gold_Squeeze_Momentum_Breakout,trend,4h,london_ny,"Gold is heavily traded by macro funds and central banks that accumulate positions quietly during low-volatility consolidation phases. When volatility compresses (a 'squeeze'), options market makers ar",rejected,determinism
Gold_Daily_Range_Liquidity_Continuation,trend,4h,london_ny,XAUUSD exhibits persistent intraday and interday range expansion following confirmed liquidity sweeps of the previous day's high or low during active trading sessions. Institutional order flow often u,rejected,determinism
Gold_4H_Trend_Keltner_Pullback,trend,1h,london_ny,"Institutional gold flows are heavily anchored to 4-hour trend regimes. When the 4H EMA(20) is sloping strongly, large macro desks use algorithmic execution to accumulate on pullbacks to fair value rat",rejected,determinism
Gold_Asia_OR_Directional_Sweep,trend,1h,london_ny,"The Asian session in XAUUSD typically establishes a tight consolidation range due to lower institutional participation. During the London and New York overlaps, macro-driven institutional flows freque",rejected,determinism
Gold_Structural_Displacement_Momentum,trend,4h,london_ny,"Institutional order flow in XAUUSD frequently manifests as Break of Structure (BOS) events accompanied by Fair Value Gaps (FVGs), which represent aggressive displacement leaving unfilled liquidity poc",rejected,determinism
Gold_4H_BOS_ADX_Momentum,trend,1h,london_ny,"Institutional macro desks and CTAs execute large XAUUSD orders based on higher timeframe (4H) structural shifts. When a 4H Break of Structure (BOS) occurs, it signifies that major liquidity pools have",rejected,determinism
Strategy_trial-0c,unknown,4h,all,not available,rejected,determinism
Gold_4H_ZScore_Donchian_Regime,trend,4h,london_ny,"Gold exhibits strong trending behavior driven by macro flows and central bank accumulation, but often experiences deep, volatile pullbacks that trap mean-reversion traders. By using the Donchian Chann",rejected,determinism
GoldKeltnerSweepMomentum,market_structure_mean_reversion,4h,london_ny,XAUUSD is heavily dominated by algorithmic liquidity hunting. Stop-loss clusters accumulate just beyond recent swing highs and lows. When price sweeps these levels (liquidity grab) but fails to sustai,rejected,determinism
GoldSessionLiquidityReversal,mean_reversion,1h,london_ny,"During the London and New York sessions, institutional algorithms frequently push XAUUSD prices beyond recent local swing highs or lows to trigger resting stop-loss orders (liquidity sweeps). Once thi",rejected,minimum_sample
GoldVolExpansionBreakout,trend,4h,none,Gold exhibits strong volatility clustering and momentum persistence. Institutional algorithms accumulate positions during compressed ranges (low ATR percentile) and execute aggressively when price bre,rejected,determinism
GoldSessionMomentumBreakout,momentum_breakout,4h,london_ny,XAUUSD exhibits persistent intraday momentum following London/NY session opens due to institutional order flow clustering and liquidity provision cycles. Market makers and algorithmic execution desks ,rejected,determinism
GoldKeltnerTrendContinuation,trend,4h,london_ny,XAUUSD exhibits persistent trending behavior during London-NY overlap due to institutional flow clustering and central bank reserve adjustments. Retail traders often fade early breakouts or exit prema,rejected,determinism
GoldLiquiditySweepReversal,mean_reversion,4h,none,XAUUSD is heavily traded by algorithmic liquidity-seeking systems that target resting stop-loss clusters above recent swing highs and below swing lows. When these levels are swept without genuine foll,rejected,determinism
GoldVolSqueezeTrend,trend,4h,none,Gold frequently undergoes periods of volatility compression (squeezes) as institutional players accumulate positions before macroeconomic catalysts or large options expirations. When the squeeze fires,rejected,determinism
GoldHTFMicrostructureAlignment,trend,1h,london_ny,Institutional execution algorithms in XAUUSD often split large orders across multiple timeframes to minimize market impact. When the macro 4H trend aligns with a micro-structural Break of Structure (B,rejected,signal_validity
GoldDonchianVolExpansion,trend,1h,london_ny,"Gold is heavily traded by macro funds and central banks. When price breaks out of a multi-day consolidation range (Donchian channel) accompanied by expanding volatility (ATR rising), it signifies inst",rejected,determinism
GoldAdxRsiTrendPullback,trend,4h,none,"In XAUUSD, institutional macro flows (driven by real yields and USD dynamics) create persistent multi-day trends. Retail traders frequently attempt to fade these moves using mean-reversion logic (e.g.",rejected,determinism
GoldBosPremiumDiscount,trend,4h,none,"Institutional order flow in XAUUSD frequently engineers liquidity sweeps to accumulate positions, followed by a Break of Structure (BOS) that confirms directional intent. Retail traders who fade the i",rejected,minimum_sample
GoldVWAPMeanReversion,mean_reversion,1h,london_ny,"Institutional algorithms execute large gold orders relative to the session VWAP. When price deviates significantly from VWAP (measured by ATR) during low-trend regimes, it represents overextension by ",rejected,determinism
GoldEMARocMomentumTrend,trend,1h,london_ny,XAUUSD exhibits persistent intraday momentum during London/NY overlap due to institutional order flow clustering around macroeconomic releases and ETF rebalancing. Retail traders often fade early move,rejected,minimum_sample
Strategy_trial-2a,unknown,4h,all,not available,rejected,determinism
GoldZScoreSessionReversion,mean_reversion,1h,london_ny,"During the London and New York sessions, XAUUSD exhibits strong mean-reverting behavior around the daily session VWAP due to institutional order execution algorithms (TWAP/VWAP) that absorb liquidity ",rejected,determinism
GoldSessionRangeVolatilityBreakout,trend,1h,london_ny,XAUUSD exhibits persistent volatility clustering and directional expansion following the establishment of the Asian session range. Institutional order flow during London/NY overlap often targets liqui,rejected,determinism
GoldSupertrendRsiMomentum,trend,4h,london_ny,"XAUUSD exhibits persistent trending behavior on the 4H timeframe driven by institutional flow and macro repricing. Retail traders often fade these moves prematurely during pullbacks, providing liquidi",rejected,determinism
GoldStochKeltnerMomentumPullback,trend,1h,london_ny,"Gold exhibits persistent intraday momentum during London/NY overlap due to institutional flow clustering. However, chasing breakouts often leads to stop-outs from mean-reverting liquidity provision. T",rejected,determinism
GoldBollingerRsiContinuation,trend,4h,none,"Institutional macro flows in XAUUSD are driven by real interest rate differentials, central bank accumulation, and geopolitical hedging. When price breaks beyond the 2-standard deviation Bollinger Ban",rejected,determinism
GoldHTFDonchianTrendFlow,trend,1h,london_ny,"Institutional macro desks and CTAs execute large gold orders over multi-day horizons, creating persistent directional flow. When the 4-hour Donchian channel breaks out, it confirms that higher-timefra",rejected,determinism
GoldDualSessionRangeExpansion,trend,4h,ny,XAUUSD exhibits persistent intraday volatility clustering where the London session establishes an initial range that is frequently expanded or retested during the New York overlap. Institutional order,rejected,minimum_sample
Strategy_trial-a6,unknown,1h,all,not available,rejected,minimum_sample
GoldChochAtrMomentum,trend,4h,london_ny,"Institutional order flow in XAUUSD often manifests as a Change of Character (CHoCH) on the 4H timeframe, signaling a shift in market structure before sustained trends develop. Retail traders frequentl",rejected,determinism
GoldWmaRsiVolTrend,trend,4h,london_ny,Institutional flow in XAUUSD frequently utilizes the Weighted Moving Average (WMA) as a dynamic fair value reference during trending regimes. Because WMA assigns linearly increasing weights to recent ,rejected,determinism
GoldFvgAdxMomentum,trend,4h,london_ny,"Fair Value Gaps (FVGs) on the 4H timeframe represent areas where institutional order flow was so aggressive that it left a liquidity void. When price approaches an FVG, algorithms often defend these z",rejected,determinism
GoldKeltnerRocTrend,trend,4h,none,"Gold is heavily driven by macro flows (real yields, USD, geopolitics) that create sustained directional trends. Institutional players use volatility-adjusted bands (like Keltner Channels) to gauge fai",rejected,determinism
GoldLiquiditySweepTrendContinuation,trend,1h,london_ny,Institutional market makers and large commercial hedgers frequently engineer liquidity sweeps (stop hunts) above or below recent swing points to accumulate or distribute positions. Retail traders plac,rejected,minimum_sample
GoldSqueezeRsiMomentum,trend,4h,london_ny,Gold frequently undergoes periods of volatility compression (squeezes) as institutional players accumulate or distribute positions quietly before major macroeconomic catalysts. When the squeeze releas,rejected,determinism
GoldHTFMACDSessionMomentum,trend,1h,london_ny,"Institutional flow in XAUUSD is heavily dictated by higher timeframe (4H) momentum. When the 4H MACD histogram is expanding, it indicates strong directional order flow from macro desks and central ban",rejected,minimum_sample
GoldVolPercentileDonchianBreakout,trend,1h,london_ny,"Gold frequently undergoes periods of volatility compression followed by explosive directional expansion driven by macroeconomic data releases, central bank flows, and institutional positioning. By usi",rejected,determinism
GoldHTFTrendPullback,trend,1h,london_ny,"Institutional gold flows are heavily dictated by higher timeframe (4H) structural trends. When the 4H trend is established, retail participants frequently attempt to fade intraday moves on the 1H char",rejected,minimum_sample
GoldBosPremiumDiscountTrend,trend,1h,london_ny,"Institutional order flow in XAUUSD frequently engineers Break of Structure (BOS) to trigger stop-losses and breakout traders, before continuing the underlying trend. Retail breakout traders who enter ",rejected,minimum_sample
GoldSessionVwapAdxTrend,trend,1h,london_ny,"XAUUSD exhibits strong intraday trend persistence during London and New York sessions due to institutional order flow anchoring around the Session VWAP. When ADX confirms a trending regime (>20), pric",rejected,determinism
GoldRsiAdxTrendPullback,trend,4h,none,"Institutional flow in XAUUSD creates sustained directional trends when ADX is elevated. Retail traders often attempt to fade these strong moves, getting stopped out as the trend continues. By waiting ",rejected,determinism
GoldWmaVolRegimeTrend,trend,4h,none,"Gold is heavily driven by macro flows and central bank hedging, which creates persistent directional trends when volatility expands. By using a fast/slow WMA crossover to define the baseline trend and",rejected,determinism
GoldEmaRocSessionMomentum,trend,4h,london_ny,XAUUSD exhibits persistent intraday momentum during London and New York sessions due to institutional order flow clustering around key macroeconomic releases and liquidity provision cycles. When price,rejected,minimum_sample
GoldZScoreEmaReversion,mean_reversion,1h,london_ny,XAUUSD on the 1h timeframe exhibits strong mean-reverting behavior around its short-term trend during overlapping institutional sessions. When price extends significantly away from the EMA (measured v,rejected,minimum_sample
GoldSupertrendRsiMomentum,trend,4h,none,"XAUUSD exhibits persistent multi-day trending behavior driven by macroeconomic flows, central bank accumulation, and institutional hedging. The Supertrend indicator provides a robust, volatility-adjus",rejected,determinism
GoldKeltnerBosMomentum,trend,1h,london_ny,Gold exhibits persistent intraday momentum following confirmed Breaks of Structure (BOS) when volatility is expanding. Institutional order flow often triggers structural breaks that are validated by p,rejected,determinism
GoldBollingerSweepContinuation,trend,1h,london_ny,"In XAUUSD, institutional order flow frequently drives price beyond the 20-period Bollinger Band to trigger retail stop-losses and trap breakout traders (liquidity sweeps). When a sweep occurs but the ",rejected,determinism
GoldStochDonchianSessionMomentum,trend,1h,london_ny,XAUUSD exhibits persistent intraday momentum during London/NY overlap due to institutional order flow clustering and liquidity provision cycles. Retail traders often fade early breakouts or enter late,rejected,determinism
Strategy_trial-f1,unknown,1h,all,not available,rejected,basic_quality
Strategy_trial-b5,unknown,4h,all,not available,rejected,minimum_sample
GoldAdxChochSessionMomentum,trend,1h,london_ny,Gold exhibits persistent intraday momentum following a confirmed Change of Character (CHoCH) when aligned with the active London/NY session and sufficient trend strength (ADX). Institutional order flo,rejected,determinism
GoldSessionRangeAtrBreakout,trend,4h,london_ny,XAUUSD exhibits persistent intraday range expansion following the establishment of a consolidated Asian session range. Institutional order flow accumulates during low-volatility Asian hours and execut,rejected,minimum_sample
GoldFvgRsiTrendContinuation,trend,4h,london_ny,Institutional order flow in XAUUSD frequently leaves Fair Value Gaps (FVGs) during impulsive 4h moves. These gaps represent unfilled limit orders from large participants. When price pulls back into an,rejected,determinism
GoldOpeningRangeVolExpansion,trend,1h,london_ny,Gold exhibits strong intraday momentum persistence following the establishment of the London/NY opening range. Institutional algorithms and macro desks execute large block orders during these sessions,rejected,determinism
GoldLiquiditySweepEmaTrend,trend,4h,london_ny,XAUUSD exhibits persistent institutional liquidity-seeking behavior where stop hunts below recent swing lows (or above highs) are frequently followed by sharp reversals when aligned with the broader t,rejected,minimum_sample
Strategy_trial-2d,unknown,4h,all,not available,rejected,determinism
GoldHtfKeltnerMomentumBreakout,trend,1h,london_ny,Gold exhibits strong intraday momentum persistence when the 1-hour price breaks out of a volatility-adjusted Keltner Channel that is aligned with the higher-timeframe (4H) trend. Institutional flow du,rejected,determinism
GoldSqueezeVolExpansion,trend,1h,none,Gold frequently undergoes periods of volatility compression (squeezes) as institutional players accumulate positions and options dealers suppress realized volatility to harvest premium. When the Bolli,rejected,minimum_sample
Strategy_trial-5d,unknown,1h,all,not available,rejected,determinism
GoldPremiumDiscountMacdTrend,trend,1h,london_ny,Institutional algorithms systematically accumulate gold in 'discount' zones (below the midpoint of the recent confirmed swing range) and distribute in 'premium' zones. Retail traders often chase momen,error,minimum_sample
GoldWmaRocSessionMomentum,trend,1h,london_ny,Gold exhibits strong intraday momentum persistence during London and New York sessions due to institutional order flow clustering around macroeconomic releases and liquidity provision cycles. This str,rejected,minimum_sample
GoldAdxDonchianVolBreakout,trend,4h,none,"Gold is heavily influenced by macroeconomic data releases, central bank accumulation, and geopolitical flows which create persistent directional trends. When the market transitions from a low-volatili",rejected,determinism
GoldHtfTrendVolPullback,trend,1h,none,"Institutional flows in XAUUSD are primarily directed by higher-timeframe (4H) macro trends. However, algorithmic execution desks often scale into positions during short-term pullbacks to minimize mark",rejected,minimum_sample
GoldVolPercentileRsiSwing,trend,4h,london_ny,"Institutional execution algorithms in XAUUSD frequently trigger volatility expansion phases following periods of compression. When realized volatility breaks above its historical percentile threshold,",rejected,determinism
Strategy_trial-9a,unknown,4h,all,not available,rejected,minimum_sample
GoldSupertrendRsiPullback,trend,4h,none,"Gold exhibits strong intraday and multi-day trending behavior driven by institutional macro flows, central bank buying, and safe-haven demand. When a clear trend is established (via Supertrend), retai",rejected,determinism
GoldZscoreBosSessionTrend,trend,1h,london_ny,Institutional gold flows are heavily concentrated during the London and New York sessions. When price pulls back to a statistical mean (Z-score near zero) while the underlying market structure remains,rejected,minimum_sample
,unknown,1h,all,not available,error,none
GoldKeltnerSweepMomentum,trend_reversion,4h,london_ny,XAUUSD is heavily dominated by algorithmic liquidity-seeking behavior. Stop-loss clusters accumulate around obvious recent swing highs and lows. When price sweeps these levels (liquidity grab) but fai,rejected,determinism
Strategy_trial-95,unknown,4h,all,not available,rejected,basic_quality
GoldKeltnerSweepReversal,mean_reversion,1h,london_ny,Institutional market makers in XAUUSD frequently engineer liquidity sweeps beyond short-term swing highs/lows to fill large orders. Retail breakout traders and stop-loss clusters provide the necessary,rejected,determinism
GoldSessionORB_TrendContinuation,trend,1h,london_ny,Gold exhibits strong intraday momentum driven by institutional macro flows that establish direction during the London open and accelerate during the New York overlap. By identifying the 4-hour trend b,rejected,minimum_sample
GoldVolatilityAdaptiveTrend,trend,4h,london_ny,"XAUUSD exhibits persistent trending behavior driven by macro flows and central bank activity, but standard trend strategies fail during low-volatility compression phases due to whipsaws. This strategy",rejected,minimum_sample
GoldHTFMomentumPullback,trend,1h,london_ny,"Institutional order flow in XAUUSD is heavily anchored to 4-hour macro trends. When the 4H trend is strongly directional (ADX > 25) and momentum is expanding (ROC > 0), retail traders frequently attem",rejected,determinism
GoldDonchianBOSMomentum,trend,4h,london_ny,Gold is heavily traded by macro funds and central banks that execute large orders over multiple days. When price breaks a medium-term Donchian channel AND confirms a structural Break of Structure (BOS,rejected,determinism
GoldLiquiditySweepTrend,trend,1h,london_ny,XAUUSD exhibits persistent intraday liquidity-seeking behavior where institutional order flow targets recent swing highs/lows to fill large positions before continuing the prevailing trend. Retail tra,rejected,determinism
GoldRSIMomentumSessionTrend,trend,1h,london_ny,XAUUSD exhibits persistent intraday momentum during London and New York sessions due to institutional order flow clustering around session opens and macroeconomic releases. Retail traders often fade e,rejected,basic_quality
GoldVWAPMeanReversionSession,trend,1h,london_ny,"During London and NY sessions, XAUUSD exhibits strong intraday mean-reversion characteristics around the Session VWAP due to institutional execution algorithms that slice large orders over time. When ",rejected,determinism
GoldSqueezeMomentumBreakout,trend,1h,none,"Gold frequently enters periods of volatility compression (squeezes) during the Asian session or pre-news lulls, where market makers accumulate inventory and options dealers suppress realized volatilit",rejected,determinism
GoldPremiumDiscountTrendFlow,trend,4h,london_ny,Institutional order flow in XAUUSD frequently executes via limit orders at structural discounts (for buys) or premiums (for sells) relative to recent swing ranges. Retail traders often chase breakouts,rejected,minimum_sample
GoldSessionVolatilityExpansion,trend,1h,london_ny,Gold exhibits persistent intraday volatility clustering where London/NY session volume injection creates directional expansion that persists for 3-6 hours. Institutional order flow during these sessio,rejected,determinism
GoldZScoreVolRegime,trend,1h,london_ny,"Gold frequently exhibits short-term mean-reverting behavior during established trending regimes due to institutional order execution algorithms (TWAP/VWAP) that break large orders into smaller pieces,",rejected,determinism
GoldROCAdxTrendContinuation,trend,4h,london_ny,XAUUSD exhibits persistent institutional order flow during London/NY overlap where trend acceleration (measured by Rate of Change) coincides with confirmed directional strength (ADX). Unlike mean-reve,rejected,determinism
GoldKeltnerADXRegimeTrend,trend,4h,london_ny,"XAUUSD exhibits persistent trending behavior during periods of institutional flow concentration (London/NY overlap). By combining Keltner Channel breakouts with ADX regime filtering, we capture moment",rejected,determinism
GoldSupertrendRSIPullback,trend,4h,london_ny,Institutional algorithmic execution in XAUUSD heavily relies on dynamic trend-following bands like the Supertrend to scale into positions during macroeconomic drifts. Retail traders often fade these m,rejected,minimum_sample
Strategy_trial-7e,unknown,1h,all,not available,rejected,determinism
Strategy_trial-7e,unknown,1h,all,not available,rejected,minimum_sample
GoldSupertrendRSIPullback,trend,4h,london_ny,Institutional algorithmic execution in XAUUSD heavily relies on dynamic trend-following bands like the Supertrend to scale into positions during macroeconomic drifts. Retail traders often fade these m,rejected,minimum_sample
GoldKeltnerADXRegimeTrend,trend,4h,london_ny,"XAUUSD exhibits persistent trending behavior during periods of institutional flow concentration (London/NY overlap). By combining Keltner Channel breakouts with ADX regime filtering, we capture moment",rejected,minimum_sample
GoldROCAdxTrendContinuation,trend,4h,london_ny,XAUUSD exhibits persistent institutional order flow during London/NY overlap where trend acceleration (measured by Rate of Change) coincides with confirmed directional strength (ADX). Unlike mean-reve,rejected,minimum_sample
GoldZScoreVolRegime,trend,1h,london_ny,"Gold frequently exhibits short-term mean-reverting behavior during established trending regimes due to institutional order execution algorithms (TWAP/VWAP) that break large orders into smaller pieces,",rejected,minimum_sample
GoldPremiumDiscountTrendFlow,trend,4h,london_ny,Institutional order flow in XAUUSD frequently executes via limit orders at structural discounts (for buys) or premiums (for sells) relative to recent swing ranges. Retail traders often chase breakouts,rejected,minimum_sample
GoldVWAPMeanReversionSession,trend,1h,london_ny,"During London and NY sessions, XAUUSD exhibits strong intraday mean-reversion characteristics around the Session VWAP due to institutional execution algorithms that slice large orders over time. When ",rejected,minimum_sample
GoldLiquiditySweepTrend,trend,1h,london_ny,XAUUSD exhibits persistent intraday liquidity-seeking behavior where institutional order flow targets recent swing highs/lows to fill large positions before continuing the prevailing trend. Retail tra,rejected,basic_quality
GoldHTFMomentumPullback,trend,1h,london_ny,"Institutional order flow in XAUUSD is heavily anchored to 4-hour macro trends. When the 4H trend is strongly directional (ADX > 25) and momentum is expanding (ROC > 0), retail traders frequently attem",rejected,signal_validity
GoldVolatilityAdaptiveTrend,trend,4h,london_ny,"XAUUSD exhibits persistent trending behavior driven by macro flows and central bank activity, but standard trend strategies fail during low-volatility compression phases due to whipsaws. This strategy",rejected,basic_quality
GoldSessionORB_TrendContinuation,trend,1h,london_ny,Gold exhibits strong intraday momentum driven by institutional macro flows that establish direction during the London open and accelerate during the New York overlap. By identifying the 4-hour trend b,rejected,minimum_sample
GoldKeltnerSweepReversal,mean_reversion,1h,london_ny,Institutional market makers in XAUUSD frequently engineer liquidity sweeps beyond short-term swing highs/lows to fill large orders. Retail breakout traders and stop-loss clusters provide the necessary,rejected,minimum_sample
GoldKeltnerSweepMomentum,trend_reversion,4h,london_ny,XAUUSD is heavily dominated by algorithmic liquidity-seeking behavior. Stop-loss clusters accumulate around obvious recent swing highs and lows. When price sweeps these levels (liquidity grab) but fai,rejected,minimum_sample
GoldZscoreBosSessionTrend,trend,1h,london_ny,Institutional gold flows are heavily concentrated during the London and New York sessions. When price pulls back to a statistical mean (Z-score near zero) while the underlying market structure remains,rejected,minimum_sample
GoldSupertrendRsiPullback,trend,4h,none,"Gold exhibits strong intraday and multi-day trending behavior driven by institutional macro flows, central bank buying, and safe-haven demand. When a clear trend is established (via Supertrend), retai",rejected,minimum_sample
Strategy_trial-9a,unknown,4h,all,not available,rejected,minimum_sample
GoldVolPercentileRsiSwing,trend,4h,london_ny,"Institutional execution algorithms in XAUUSD frequently trigger volatility expansion phases following periods of compression. When realized volatility breaks above its historical percentile threshold,",rejected,minimum_sample
GoldHtfTrendVolPullback,trend,1h,none,"Institutional flows in XAUUSD are primarily directed by higher-timeframe (4H) macro trends. However, algorithmic execution desks often scale into positions during short-term pullbacks to minimize mark",rejected,signal_validity
GoldAdxDonchianVolBreakout,trend,4h,none,"Gold is heavily influenced by macroeconomic data releases, central bank accumulation, and geopolitical flows which create persistent directional trends. When the market transitions from a low-volatili",rejected,minimum_sample
GoldWmaRocSessionMomentum,trend,1h,london_ny,Gold exhibits strong intraday momentum persistence during London and New York sessions due to institutional order flow clustering around macroeconomic releases and liquidity provision cycles. This str,rejected,minimum_sample
GoldPremiumDiscountMacdTrend,trend,1h,london_ny,Institutional algorithms systematically accumulate gold in 'discount' zones (below the midpoint of the recent confirmed swing range) and distribute in 'premium' zones. Retail traders often chase momen,rejected,minimum_sample
Strategy_trial-5d,unknown,1h,all,not available,rejected,basic_quality
GoldSqueezeVolExpansion,trend,1h,none,Gold frequently undergoes periods of volatility compression (squeezes) as institutional players accumulate positions and options dealers suppress realized volatility to harvest premium. When the Bolli,rejected,minimum_sample
GoldHtfKeltnerMomentumBreakout,trend,1h,london_ny,Gold exhibits strong intraday momentum persistence when the 1-hour price breaks out of a volatility-adjusted Keltner Channel that is aligned with the higher-timeframe (4H) trend. Institutional flow du,rejected,signal_validity
Strategy_trial-2d,unknown,4h,all,not available,rejected,minimum_sample
LondonNY_SessionMomentumBOS,trend,1h,london_ny,"Gold's intraday liquidity is heavily concentrated during the London and New York sessions. Institutional order flow often establishes a directional bias early in the session, creating Break of Structu",rejected,smoke_run
GoldSessionMomentumBreakout,momentum,1h,london_ny,XAUUSD exhibits persistent intraday momentum following the London and New York session opens due to institutional order flow clustering and liquidity provision cycles. Market makers and algorithmic ex,rejected,basic_quality
GoldVolatilitySqueezeTrend,trend,4h,london_ny,"XAUUSD exhibits strong volatility clustering driven by macroeconomic data releases, central bank communications, and institutional hedging flows. Periods of extreme compression (Bollinger Bands inside",rejected,minimum_sample
GoldKeltnerTrendPullback,trend,1h,london_ny,"XAUUSD is heavily driven by macro flows, central bank accumulation, and institutional trend-following CTAs. When a sustained directional move begins, price tends to ride the Keltner Channel bands. Ret",rejected,minimum_sample
GoldHTFMomentumPullback,trend,1h,london_ny,Institutional macro flows and central bank hedging dictate the higher timeframe (4H) trend in gold. Retail traders frequently attempt to pick tops and bottoms on 1H pullbacks against this dominant flo,rejected,minimum_sample
GoldDonchianRegimeBreakout,trend,1h,london_ny,"XAUUSD exhibits persistent trending behavior driven by institutional macro flows and central bank activity. During established volatility regimes, price tends to respect Donchian channel boundaries as",rejected,smoke_run
GoldLiquiditySweepReversal,mean_reversion,1h,london_ny,Institutional algorithms frequently sweep liquidity pools resting above recent swing highs and below swing lows to accumulate or distribute large positions. Retail traders placing stops just beyond th,rejected,minimum_sample
GoldVWAPMeanReversionSession,mean_reversion,1h,london_ny,"During London and NY sessions, XAUUSD exhibits strong mean-reverting behavior around the Session VWAP due to institutional execution algorithms targeting volume-weighted fair value. When price extends",rejected,basic_quality
GoldAdxMacdTrendContinuation,trend,4h,london_ny,"XAUUSD exhibits persistent trending behavior driven by macroeconomic flows, central bank accumulation, and institutional hedging. When the ADX confirms a strong trend (+DI/-DI separation) and MACD his",rejected,minimum_sample
GoldBollingerZScoreMeanReversion,mean_reversion,1h,london_ny,XAUUSD on the 1h timeframe exhibits strong mean-reverting characteristics during intraday sessions due to algorithmic market-making and liquidity provision by tier-1 banks. When price stretches signif,rejected,basic_quality
GoldSupertrendRsiContinuation,trend,1h,london_ny,"Gold exhibits strong intraday momentum persistence driven by institutional macro flows and central bank hedging. The Supertrend indicator effectively filters the dominant directional bias, while RSI i",rejected,minimum_sample
GoldEmaRocMomentumTrend,trend,4h,london_ny,"XAUUSD exhibits persistent intraday-to-swing momentum driven by institutional flow and macro repricing. When price aligns with a medium-term EMA trend AND shows accelerating rate-of-change (ROC), it s",rejected,basic_quality
GoldSessionOrderBlockBOS,trend,1h,london_ny,"Institutional order flow in XAUUSD is heavily concentrated during the London and New York sessions. When price sweeps liquidity and forms an Order Block (OB), it often represents institutional accumul",rejected,minimum_sample
GoldSessionRangeVolatilityExpansion,trend,1h,london_ny,XAUUSD exhibits strong intraday volatility clustering where the initial Asian/London transition range establishes a liquidity pool. Institutional algorithms accumulate positions within this range befo,rejected,smoke_run
GoldKeltnerRocMomentum,trend,1h,london_ny,XAUUSD exhibits persistent intraday momentum during London/NY overlap due to institutional flow clustering and ETF rebalancing. When price breaks beyond the Keltner Channel (volatility-adjusted envelo,rejected,basic_quality
GoldStochTrendPullback,trend,4h,london_ny,"Institutional participants in XAUUSD frequently scale into positions during minor pullbacks within established macro trends, utilizing algorithmic execution to absorb retail stop-losses and mean-rever",rejected,minimum_sample
GoldPrevWeekLiquidityRun,trend,4h,london_ny,Institutional participants in the XAUUSD market frequently use the previous week's high and low as primary liquidity pools. When price sweeps beyond these levels during active London or New York sessi,rejected,basic_quality
Strategy_trial-fe,unknown,1h,all,not available,rejected,minimum_sample
GoldPrevDaySweepContinuation,trend,4h,london_ny,Institutional market makers frequently sweep the previous day's high or low to trigger retail stop-losses and harvest liquidity before continuing the dominant trend. When a 4H candle sweeps the previo,rejected,basic_quality
GoldAdxKeltnerMomentumBreakout,trend,4h,london_ny,XAUUSD exhibits persistent momentum expansion following volatility compression when institutional order flow aligns with trend strength. Keltner Channels capture ATR-based expansion thresholds while A,rejected,basic_quality
GoldZScoreSessionMomentum,trend,4h,london_ny,Gold exhibits persistent intraday momentum during London and NY sessions due to institutional order flow clustering around key macroeconomic releases and central bank activity. When price deviates sig,rejected,basic_quality
GoldHTFDonchianTrendPullback,trend,1h,london_ny,"Institutional macro desks and CTAs establish directional bias on higher timeframes (4H). When the 4H trend is confirmed via Donchian channel positioning, retail participants frequently attempt to fade",rejected,minimum_sample
GoldAdxDiDonchianBreakout,trend,4h,london_ny,"Gold is heavily driven by macro flows (real yields, USD, central bank buying) that create persistent multi-day trends. Retail traders often fade these moves prematurely, providing liquidity for instit",rejected,minimum_sample
GoldSqueezeSessionBreakout,trend,1h,london_ny,Gold exhibits strong volatility clustering. Periods of compression (Bollinger Bands inside Keltner Channels) during the low-liquidity Asian session frequently resolve into explosive directional moves ,rejected,minimum_sample
GoldHtfTrendFvgMomentum,trend,1h,london_ny,XAUUSD exhibits persistent intraday momentum aligned with the higher timeframe (4H) trend. Institutional order flow often creates Fair Value Gaps (FVGs) during London/NY sessions that act as immediate,rejected,basic_quality
GoldVolPercentileRsiTrend,trend,1h,london_ny,Institutional gold flows are characterized by periods of volatility compression followed by aggressive directional expansion. When realized volatility drops to historical lows (bottom 30th percentile),rejected,minimum_sample
GoldWmaRsiRegimeTrend,trend,4h,london_ny,"Institutional execution algorithms in the gold market frequently use WMA (Weighted Moving Average) to track fair value because it assigns more weight to recent prices, reacting faster to macroeconomic",rejected,minimum_sample
GoldDonchianSessionSweep,trend,1h,london_ny,Institutional participants frequently engineer liquidity sweeps of the previous day's high or low during the London and New York sessions to accumulate positions before a directional move. When price ,rejected,minimum_sample
GoldVwapRegimeTrend,trend,1h,london_ny,"Institutional gold traders use the daily session VWAP as a benchmark for fair value. When price crosses and holds above/below VWAP during an established trending regime, it signals that institutional ",rejected,smoke_run
GoldMacdAdxTrendContinuation,trend,4h,london_ny,"XAUUSD is heavily driven by macro flows, central bank accumulation, and institutional hedging. When a strong directional trend is established (ADX > threshold), the market tends to persist in that dir",rejected,minimum_sample
GoldBollingerRsiSessionReversion,reversion,1h,london_ny,XAUUSD exhibits strong mean-reverting characteristics during the London and New York sessions due to deep liquidity pools and institutional algorithmic execution that targets fair value (VWAP/mean). W,rejected,minimum_sample
GoldSupertrendBosMomentum,trend,4h,london_ny,"XAUUSD is heavily driven by macro flows (central bank buying, ETF inflows/outflows, and geopolitical hedging) which create persistent directional trends on the 4H timeframe. Institutional players ofte",rejected,minimum_sample
GoldRocSessionTrend,trend,1h,london_ny,Gold exhibits strong intraday momentum persistence driven by institutional flow during the London and New York sessions. When the Rate of Change (ROC) accelerates in the direction of the broader trend,rejected,minimum_sample
GoldAdxKeltnerRocContinuation,trend,4h,london_ny,XAUUSD exhibits persistent momentum continuation during active London/NY sessions when institutional flow aligns with volatility expansion. This strategy exploits the lag between ADX trend confirmatio,rejected,basic_quality
GoldBbWidthMomentumBreakout,trend,4h,london_ny,Institutional market makers and central banks often accumulate or distribute XAUUSD positions during periods of compressed volatility (tight Bollinger Bands). When the compression resolves with a dire,rejected,basic_quality
GoldKeltnerRsiMomentumFlow,trend,1h,london_ny,XAUUSD exhibits persistent intraday momentum during London/NY sessions driven by institutional flow and macro repricing. When price breaks the Keltner Channel (volatility-adjusted trend envelope) whil,rejected,basic_quality
GoldChochPremiumDiscountTrend,trend,4h,london_ny,Institutional order flow in XAUUSD frequently engineers liquidity sweeps to trap retail breakout traders before reversing price back into the dominant trend. A Change of Character (CHoCH) following a ,rejected,minimum_sample
GoldHtfEmaStochSessionMomentum,trend,1h,london_ny,"XAUUSD exhibits strong intraday momentum persistence when aligned with the higher timeframe (4H) trend, particularly during London/NY overlap. Institutional flow dominates gold pricing; retail traders",rejected,smoke_run
GoldLiqSweepEmaTrend,trend,4h,london_ny,Institutional players frequently engineer liquidity sweeps (stop hunts) of recent swing highs/lows to accumulate or distribute large positions before driving the market in the intended trend direction,rejected,minimum_sample
GoldStochEmaSessionPullback,trend,1h,london_ny,"During the highly liquid London and New York sessions, XAUUSD frequently establishes short-term directional trends driven by institutional order flow. Retail traders often attempt to fade these moves ",rejected,minimum_sample
GoldOrBosSessionTrend,trend,1h,london_ny,The London and New York opening ranges establish the initial institutional footprint for the day. When price breaks this opening range AND simultaneously confirms a Break of Structure (BOS) in the sam,rejected,minimum_sample
GoldZscoreSwingSweep,mean_reversion,4h,london_ny,"Institutional players in XAUUSD frequently engineer liquidity sweeps of recent swing highs/lows to fill large orders before reversing price. Retail breakout traders get trapped on the wrong side, prov",rejected,minimum_sample
GoldPrevDayLiqSweepSessionTrend,trend,1h,london_ny,Institutional algorithms and market makers frequently sweep liquidity resting above/below the previous day's high/low to fill large orders before initiating a directional trend. Retail traders placing,rejected,minimum_sample
GoldSessionVwapRocMomentum,trend,1h,london_ny,"During the London and New York sessions, institutional order flow heavily anchors to the Session VWAP. When gold price breaks away from VWAP with strong Rate of Change (ROC) momentum while ADX confirm",rejected,minimum_sample
GoldSqueezeAdxMomentum,trend,1h,london_ny,"Gold frequently undergoes periods of volatility compression (squeezes) driven by institutional order accumulation and algorithmic range-bound trading. When a squeeze releases, the resulting directiona",rejected,minimum_sample
GoldHtfDonchianAdxTrend,trend,1h,london_ny,"Institutional macro flows in gold are anchored to higher timeframe (4H) trends. When the 4H trend is established, retail participants frequently attempt to fade intraday moves on the 1H chart, providi",rejected,minimum_sample
GoldKeltnerRocSessionFlow,trend,4h,london_ny,XAUUSD exhibits persistent intraday momentum during London and New York sessions due to institutional order flow and liquidity provisioning cycles. When price breaks beyond the Keltner Channel (volati,rejected,basic_quality
GoldVolRegimeWmaOrderBlock,trend,4h,none,Gold is heavily driven by institutional macro flows that persist through trending regimes but reverse violently when liquidity is exhausted. By filtering trades strictly to high-volatility trending re,rejected,smoke_run
GoldDonchianAdxVolBreakout,trend,4h,london_ny,"XAUUSD exhibits persistent volatility clustering and momentum continuation due to institutional hedging, central bank accumulation, and macro trend flows. When price breaks out of a multi-day Donchian",rejected,minimum_sample
GoldRsiTrendPullbackBreakout,trend,4h,london_ny,Institutional participants in the XAUUSD market frequently accumulate or distribute positions during brief counter-trend pullbacks within established macro trends. Retail traders often mistake these s,rejected,minimum_sample
GoldMacdHtfTrendSessionFlow,trend,1h,london_ny,XAUUSD exhibits strong intraday persistence when aligned with the higher timeframe (4H) trend. Institutional order flow during London and NY sessions often creates MACD histogram expansions that signa,rejected,basic_quality
GoldBollingerAdxTrendPullback,trend,4h,london_ny,Institutional trend-following in XAUUSD is characterized by sustained momentum punctuated by mean-reverting pullbacks. Retail traders frequently attempt to fade these strong trends at Bollinger Band e,rejected,minimum_sample
GoldSupertrendFvgContinuation,trend,4h,london_ny,"Institutional algorithmic execution on XAUUSD frequently leaves Fair Value Gaps (FVGs) during aggressive trend phases. When the Supertrend indicator confirms a persistent directional regime, these FVG",rejected,basic_quality
