run_id,cycle_id,started_at,finished_at,wall_seconds,timeframe,strategy_name,concept_family,session_filter,direction,indicators,num_parameters,parent_id,version,status,rejected_at,last_gate_passed,gate_depth,error_class,source_hash,trades,trades_per_year,win_rate,profit_factor,sharpe,net_return_pct,max_drawdown_pct,expectancy,cost_to_gross,avg_holding_bars,long_trades,short_trades,skipped_min_lot,skipped_margin,invalid_signals,robustness_score,dsr_probability,llm_calls,llm_tokens,fix_attempts,improve_rounds,trial_count_at_run
trial-64322441f9c4,not available,2026-10-05 14:44:12.394000,2026-10-05 14:45:20.146000,67.75,1h,unnamed,mean_reversion_structure,london_ny,both,,5,not available,1,rejected,smoke_run,policy_scan,1,not available,bd52ae08f96a2cfe,0,0.0,0.0,0.0,0.0,0.0,0.0,0.0,0.0,0.0,0,0,not available,not available,0,0.0,0.0,0,0,0,0,not available
trial-a664bbba271a,not available,2026-10-05 15:10:59.916000,2026-10-05 15:11:31.607000,31.69,1h,LondonNY_LiquiditySweep_CHOCH,market_structure,london_ny,both,,6,not available,1,rejected,determinism,smoke_run,2,not available,46900bd73a574eb9,0,0.0,0.0,0.0,0.0,0.0,0.0,0.0,0.0,0.0,0,0,not available,not available,0,0.0,0.0,0,0,0,0,not available
trial-004f63da7f39,not available,2026-10-05 15:12:42.364000,2026-10-05 15:12:43.688000,1.32,1h,LondonNY_LiquiditySweep_CHOCH,market_structure,london_ny,both,,6,not available,1,rejected,determinism,smoke_run,2,not available,46900bd73a574eb9,0,0.0,0.0,0.0,0.0,0.0,0.0,0.0,0.0,0.0,0,0,not available,not available,0,0.0,0.0,0,0,0,0,not available
trial-d933bde08918,not available,2026-10-05 15:13:19.358000,2026-10-05 15:13:21.296000,1.94,1h,LondonNY_LiquiditySweep_CHOCH,market_structure,london_ny,both,,6,not available,1,rejected,determinism,smoke_run,2,not available,46900bd73a574eb9,0,0.0,0.0,0.0,0.0,0.0,0.0,0.0,0.0,0.0,0,0,not available,not available,0,0.0,0.0,0,0,0,0,not available
trial-15dd063029c7,not available,2026-10-05 15:14:19.431000,2026-10-05 15:14:42.730000,23.3,1h,GoldLiquidityReclaim,mean_reversion,london_ny,both,,5,not available,1,rejected,determinism,smoke_run,2,not available,099869d13c192f95,0,0.0,0.0,0.0,0.0,0.0,0.0,0.0,0.0,0.0,0,0,not available,not available,0,0.0,0.0,0,0,0,0,not available
trial-f01f53d6007a,not available,2026-10-05 15:16:13.681000,2026-10-05 15:17:36.836000,83.15,1h,LondonSweepDisplacement,mean_reversion_liquidity,london_ny,both,,5,not available,1,rejected,signal_validity,truncation,4,not available,47436f1da9219859,0,0.0,0.0,0.0,0.0,0.0,0.0,0.0,0.0,0.0,0,0,not available,not available,0,0.0,0.0,0,0,0,0,not available
trial-8bd57fab1aa3,not available,2026-10-05 15:18:56.160000,2026-10-05 15:19:40.471000,44.31,1h,Strategy_trial-8b,unknown,all,both,,0,not available,1,rejected,determinism,smoke_run,2,not available,37a68272ef105451,0,0.0,0.0,0.0,0.0,0.0,0.0,0.0,0.0,0.0,0,0,not available,not available,0,0.0,0.0,0,0,0,0,not available
trial-1784cb9aa3b3,not available,2026-10-05 15:22:39.605000,2026-10-05 15:26:21.751000,222.14,1h,LondonSweepReversal,mean_reversion,london_ny,both,,4,not available,1,rejected,minimum_sample,train_backtest,6,not available,619868ac3ba7e8b3,15,5.0,0.2,0.4624,-0.6998,-6.11,6.11,-407.24,0.2965,4.9,9,6,not available,not available,0,0.0,0.0,0,0,0,0,not available
trial-522e404a053d,not available,2026-10-05 15:30:14.346000,2026-10-05 15:36:20.627000,366.28,4h,LiquiditySweepCHOCH,market_structure,london_ny,both,,4,not available,1,rejected,minimum_sample,train_backtest,6,not available,82d365258474184d,5,1.7,0.2,0.4563,-0.3238,-2.14,3.94,-428.75,0.2569,7.2,3,2,not available,not available,0,0.0,0.0,0,0,0,0,not available
trial-5025aa77f17b,not available,2026-10-05 15:36:22.299000,2026-10-05 15:37:13.454000,51.16,1h,Strategy_trial-50,unknown,all,both,,0,not available,1,rejected,determinism,smoke_run,2,not available,a5e544bcd8f49057,0,0.0,0.0,0.0,0.0,0.0,0.0,0.0,0.0,0.0,0,0,not available,not available,0,0.0,0.0,0,0,0,0,not available
trial-5d2570ac88f5,not available,2026-10-05 15:37:15.118000,2026-10-05 15:37:34.020000,18.9,4h,GoldVolCompressionBreakout,trend,london_ny,both,,6,not available,1,rejected,determinism,smoke_run,2,not available,94271d3a0d56f005,0,0.0,0.0,0.0,0.0,0.0,0.0,0.0,0.0,0.0,0,0,not available,not available,0,0.0,0.0,0,0,0,0,not available
trial-066ab9921b87,not available,2026-10-05 15:40:31.032000,2026-10-05 15:44:16.422000,225.39,1h,LondonNY_LiquiditySweep_Choch,mean_reversion_liquidity,london_ny,both,,5,not available,1,rejected,minimum_sample,train_backtest,6,not available,8e9edf794bc31d81,97,32.4,0.433,1.2994,0.6819,17.2,7.18,177.29,0.1399,9.3,52,45,not available,not available,0,0.0,0.0,0,0,0,0,not available
trial-f9ab2568c278,not available,2026-10-05 15:43:12.576000,2026-10-05 15:47:37.570000,264.99,1h,Strategy_trial-f9,unknown,all,both,,0,not available,1,rejected,minimum_sample,train_backtest,6,not available,fdd097de3270d5eb,0,0.0,0.0,0.0,0.0,0.0,0.0,0.0,0.0,0.0,0,0,not available,not available,0,0.0,0.0,0,0,0,0,not available
trial-59afe33f118b,not available,2026-10-05 15:44:17.902000,2026-10-05 15:44:45.374000,27.47,4h,Gold_VolExpansion_TrendContinuation,trend,any,both,,6,not available,1,rejected,determinism,smoke_run,2,not available,c3d5b20f5d991d7e,0,0.0,0.0,0.0,0.0,0.0,0.0,0.0,0.0,0.0,0,0,not available,not available,0,0.0,0.0,0,0,0,0,not available
trial-c91050ea112b,not available,2026-10-05 15:44:46.785000,2026-10-05 15:45:07.350000,20.57,1h,Gold_HTF_Aligned_FVG_Reversion,trend,london_ny,both,,6,not available,1,rejected,determinism,smoke_run,2,not available,650c52b0a1825724,0,0.0,0.0,0.0,0.0,0.0,0.0,0.0,0.0,0.0,0,0,not available,not available,0,0.0,0.0,0,0,0,0,not available
trial-997d457802e4,not available,2026-10-05 15:45:08.881000,2026-10-05 15:45:29.571000,20.69,1h,Gold_Session_VWAP_MeanReversion_Expansion,trend,london_ny,both,,6,not available,1,rejected,determinism,smoke_run,2,not available,a4219ef50593e15b,0,0.0,0.0,0.0,0.0,0.0,0.0,0.0,0.0,0.0,0,0,not available,not available,0,0.0,0.0,0,0,0,0,not available
trial-0cb5991af79b,not available,2026-10-05 15:45:31.332000,2026-10-05 15:46:06.574000,35.24,4h,Gold_Squeeze_Momentum_Breakout,trend,london_ny,both,,5,not available,1,rejected,determinism,smoke_run,2,not available,8b5a82e967d1289b,0,0.0,0.0,0.0,0.0,0.0,0.0,0.0,0.0,0.0,0,0,not available,not available,0,0.0,0.0,0,0,0,0,not available
trial-dafd0a3c9bed,not available,2026-10-05 15:46:07.865000,2026-10-05 15:46:28.735000,20.87,4h,Gold_Daily_Range_Liquidity_Continuation,trend,london_ny,both,,6,not available,1,rejected,determinism,smoke_run,2,not available,78fc46a91bec1490,0,0.0,0.0,0.0,0.0,0.0,0.0,0.0,0.0,0.0,0,0,not available,not available,0,0.0,0.0,0,0,0,0,not available
trial-4ded36f82f98,not available,2026-10-05 15:46:30.120000,2026-10-05 15:47:11.117000,41.0,1h,Gold_4H_Trend_Keltner_Pullback,trend,london_ny,both,,5,not available,1,rejected,determinism,smoke_run,2,not available,7513d4fe4fe13451,0,0.0,0.0,0.0,0.0,0.0,0.0,0.0,0.0,0.0,0,0,not available,not available,0,0.0,0.0,0,0,0,0,not available
trial-199398231e97,not available,2026-10-05 15:47:12.436000,2026-10-05 15:47:43.921000,31.48,1h,Gold_Asia_OR_Directional_Sweep,trend,london_ny,both,,5,not available,1,rejected,determinism,smoke_run,2,not available,5915f383e646a839,0,0.0,0.0,0.0,0.0,0.0,0.0,0.0,0.0,0.0,0,0,not available,not available,0,0.0,0.0,0,0,0,0,not available
trial-43feca95b97e,not available,2026-10-05 15:47:45.363000,2026-10-05 15:48:17.090000,31.73,4h,Gold_Structural_Displacement_Momentum,trend,london_ny,both,,6,not available,1,rejected,determinism,smoke_run,2,not available,41a310b7ad776e1c,0,0.0,0.0,0.0,0.0,0.0,0.0,0.0,0.0,0.0,0,0,not available,not available,0,0.0,0.0,0,0,0,0,not available
trial-abbf1182c87a,not available,2026-10-05 15:48:18.406000,2026-10-05 15:48:48.501000,30.1,1h,Gold_4H_BOS_ADX_Momentum,trend,london_ny,both,,6,not available,1,rejected,determinism,smoke_run,2,not available,6dcc87459d3945d9,0,0.0,0.0,0.0,0.0,0.0,0.0,0.0,0.0,0.0,0,0,not available,not available,0,0.0,0.0,0,0,0,0,not available
trial-0cdd59a54fe6,not available,2026-10-05 15:48:49.863000,2026-10-05 15:49:34.256000,44.39,4h,Strategy_trial-0c,unknown,all,both,,0,not available,1,rejected,determinism,smoke_run,2,not available,f501df1d952f7ed9,0,0.0,0.0,0.0,0.0,0.0,0.0,0.0,0.0,0.0,0,0,not available,not available,0,0.0,0.0,0,0,0,0,not available
trial-d95125e4b159,not available,2026-10-05 15:49:35.652000,2026-10-05 15:50:03.193000,27.54,4h,Gold_4H_ZScore_Donchian_Regime,trend,london_ny,both,,6,not available,1,rejected,determinism,smoke_run,2,not available,a04b43d459ea8626,0,0.0,0.0,0.0,0.0,0.0,0.0,0.0,0.0,0.0,0,0,not available,not available,0,0.0,0.0,0,0,0,0,not available
trial-b72a9fb292e4,not available,2026-10-05 15:54:41.767000,2026-10-05 15:55:23.170000,41.4,4h,GoldKeltnerSweepMomentum,market_structure_mean_reversion,london_ny,both,,6,not available,1,rejected,determinism,smoke_run,2,not available,19186bb7e6653541,0,0.0,0.0,0.0,0.0,0.0,0.0,0.0,0.0,0.0,0,0,not available,not available,0,0.0,0.0,0,0,0,0,not available
trial-a3490b1a909b,not available,2026-10-05 15:55:24.566000,2026-10-05 15:57:25.894000,121.33,1h,GoldSessionLiquidityReversal,mean_reversion,london_ny,both,,6,not available,1,rejected,minimum_sample,train_backtest,6,not available,49eb7f8c061a6fcb,14,4.7,0.2857,0.7433,-0.2635,-2.51,5.56,-179.5,0.2115,3.2,5,9,not available,not available,0,0.0,0.0,0,0,0,0,not available
trial-ab649bc10376,not available,2026-10-05 15:57:27.272000,2026-10-05 15:57:55.471000,28.2,4h,GoldVolExpansionBreakout,trend,none,both,,6,not available,1,rejected,determinism,smoke_run,2,not available,e1a77906faddedf1,0,0.0,0.0,0.0,0.0,0.0,0.0,0.0,0.0,0.0,0,0,not available,not available,0,0.0,0.0,0,0,0,0,not available
trial-953ca6a888be,not available,2026-10-05 16:00:33.104000,2026-10-05 16:00:57.926000,24.82,4h,GoldSessionMomentumBreakout,momentum_breakout,london_ny,both,,6,not available,1,rejected,determinism,smoke_run,2,not available,53293f501f435583,0,0.0,0.0,0.0,0.0,0.0,0.0,0.0,0.0,0.0,0,0,not available,not available,0,0.0,0.0,0,0,0,0,not available
trial-d2021f568941,not available,2026-10-05 16:00:59.276000,2026-10-05 16:01:21.917000,22.64,4h,GoldKeltnerTrendContinuation,trend,london_ny,both,,6,not available,1,rejected,determinism,smoke_run,2,not available,39da9c45d6a1a3ae,0,0.0,0.0,0.0,0.0,0.0,0.0,0.0,0.0,0.0,0,0,not available,not available,0,0.0,0.0,0,0,0,0,not available
trial-a01cd4e2afc6,not available,2026-10-05 16:01:23.229000,2026-10-05 16:01:55.996000,32.77,4h,GoldLiquiditySweepReversal,mean_reversion,none,both,,6,not available,1,rejected,determinism,smoke_run,2,not available,f3e48359f8833dbc,0,0.0,0.0,0.0,0.0,0.0,0.0,0.0,0.0,0.0,0,0,not available,not available,0,0.0,0.0,0,0,0,0,not available
trial-3fc1154c864e,not available,2026-10-05 16:01:57.344000,2026-10-05 16:02:26.806000,29.46,4h,GoldVolSqueezeTrend,trend,none,both,,6,not available,1,rejected,determinism,smoke_run,2,not available,5debd1ffa77c0876,0,0.0,0.0,0.0,0.0,0.0,0.0,0.0,0.0,0.0,0,0,not available,not available,0,0.0,0.0,0,0,0,0,not available
trial-b874acfe1665,not available,2026-10-05 16:02:28.184000,2026-10-05 16:08:58.953000,390.77,1h,GoldHTFMicrostructureAlignment,trend,london_ny,both,,5,not available,1,rejected,signal_validity,truncation,4,not available,200b0b9dbf4dc606,0,0.0,0.0,0.0,0.0,0.0,0.0,0.0,0.0,0.0,0,0,not available,not available,0,0.0,0.0,0,0,0,0,not available
trial-9b3ae436c5e9,not available,2026-10-05 16:09:00.377000,2026-10-05 16:11:31.745000,151.37,1h,GoldDonchianVolExpansion,trend,london_ny,both,,4,not available,1,rejected,determinism,smoke_run,2,not available,6e896ce3438ca16d,0,0.0,0.0,0.0,0.0,0.0,0.0,0.0,0.0,0.0,0,0,not available,not available,0,0.0,0.0,0,0,0,0,not available
trial-fbe50bb6431f,not available,2026-10-05 16:11:33.255000,2026-10-05 16:12:01.691000,28.44,4h,GoldAdxRsiTrendPullback,trend,none,both,,6,not available,1,rejected,determinism,smoke_run,2,not available,a9a815f7bd18366d,0,0.0,0.0,0.0,0.0,0.0,0.0,0.0,0.0,0.0,0,0,not available,not available,0,0.0,0.0,0,0,0,0,not available
trial-d4d3860056e2,not available,2026-10-05 16:12:03.124000,2026-10-05 16:15:07.361000,184.24,4h,GoldBosPremiumDiscount,trend,none,both,,4,not available,1,rejected,minimum_sample,train_backtest,6,not available,4524cd2d4a74d242,5,1.7,0.4,1.0355,0.0261,0.11,2.6,21.38,0.1229,9.8,2,3,not available,not available,0,0.0,0.0,0,0,0,0,not available
trial-aacc8eeb7cf6,not available,2026-10-05 16:15:08.720000,2026-10-05 16:15:51.499000,42.78,1h,GoldVWAPMeanReversion,mean_reversion,london_ny,both,,6,not available,1,rejected,determinism,smoke_run,2,not available,3cc1e5995dfc9afd,0,0.0,0.0,0.0,0.0,0.0,0.0,0.0,0.0,0.0,0,0,not available,not available,0,0.0,0.0,1,0,0,0,not available
trial-a7764b7a6a87,not available,2026-10-05 16:15:52.846000,2026-10-05 16:18:18.511000,145.66,1h,GoldEMARocMomentumTrend,trend,london_ny,both,,6,not available,1,rejected,minimum_sample,train_backtest,6,not available,41eb5a3ed3293392,0,0.0,0.0,0.0,0.0,0.0,0.0,0.0,0.0,0.0,0,0,not available,not available,0,0.0,0.0,0,0,0,0,not available
trial-2a6458790023,not available,2026-10-05 16:18:19.872000,2026-10-05 16:19:09.485000,49.61,4h,Strategy_trial-2a,unknown,all,both,,0,not available,1,rejected,determinism,smoke_run,2,not available,6c7445dc7ffbc0c3,0,0.0,0.0,0.0,0.0,0.0,0.0,0.0,0.0,0.0,0,0,not available,not available,0,0.0,0.0,0,0,0,0,not available
trial-470b48f98ccc,not available,2026-10-05 16:19:10.807000,2026-10-05 16:19:45.575000,34.77,1h,GoldZScoreSessionReversion,mean_reversion,london_ny,both,,6,not available,1,rejected,determinism,smoke_run,2,not available,923a09dd1a0e0adc,0,0.0,0.0,0.0,0.0,0.0,0.0,0.0,0.0,0.0,0,0,not available,not available,0,0.0,0.0,0,0,0,0,not available
trial-50a5d9ba4a8a,not available,2026-10-05 16:19:46.877000,2026-10-05 16:20:10.583000,23.71,1h,GoldSessionRangeVolatilityBreakout,trend,london_ny,both,,5,not available,1,rejected,determinism,smoke_run,2,not available,9fcbcd1f9725ee6d,0,0.0,0.0,0.0,0.0,0.0,0.0,0.0,0.0,0.0,0,0,not available,not available,0,0.0,0.0,0,0,0,0,not available
trial-212d4334304c,not available,2026-10-05 16:20:11.919000,2026-10-05 16:20:37.586000,25.67,4h,GoldSupertrendRsiMomentum,trend,london_ny,both,,5,not available,1,rejected,determinism,smoke_run,2,not available,9f50de1787d2d9d9,0,0.0,0.0,0.0,0.0,0.0,0.0,0.0,0.0,0.0,0,0,not available,not available,0,0.0,0.0,0,0,0,0,not available
trial-860afbde9473,not available,2026-10-05 16:20:39.042000,2026-10-05 16:21:04.645000,25.6,1h,GoldStochKeltnerMomentumPullback,trend,london_ny,both,,6,not available,1,rejected,determinism,smoke_run,2,not available,0b89a616aa96678f,0,0.0,0.0,0.0,0.0,0.0,0.0,0.0,0.0,0.0,0,0,not available,not available,0,0.0,0.0,0,0,0,0,not available
trial-510f94c75733,not available,2026-10-05 16:21:05.907000,2026-10-05 16:23:47.388000,161.48,4h,GoldBollingerRsiContinuation,trend,none,both,,6,not available,1,rejected,determinism,smoke_run,2,not available,4ef217dddcb22f35,0,0.0,0.0,0.0,0.0,0.0,0.0,0.0,0.0,0.0,0,0,not available,not available,0,0.0,0.0,1,0,0,0,not available
trial-ebb498188eb0,not available,2026-10-05 16:23:48.721000,2026-10-05 16:24:23.986000,35.26,1h,GoldHTFDonchianTrendFlow,trend,london_ny,both,,6,not available,1,rejected,determinism,smoke_run,2,not available,db3f9d88bb699b7f,0,0.0,0.0,0.0,0.0,0.0,0.0,0.0,0.0,0.0,0,0,not available,not available,0,0.0,0.0,0,0,0,0,not available
trial-cd1070ba7693,not available,2026-10-05 16:24:25.312000,2026-10-05 16:25:55.259000,89.95,4h,GoldDualSessionRangeExpansion,trend,ny,both,,4,not available,1,rejected,minimum_sample,train_backtest,6,not available,d391cd9f55d73250,0,0.0,0.0,0.0,0.0,0.0,0.0,0.0,0.0,0.0,0,0,not available,not available,0,0.0,0.0,0,0,0,0,not available
trial-a635f7e6f9ac,not available,2026-10-05 16:25:56.691000,2026-10-05 16:30:13.712000,257.02,1h,Strategy_trial-a6,unknown,all,both,,0,not available,1,rejected,minimum_sample,train_backtest,6,not available,f7ab79851f343a4d,0,0.0,0.0,0.0,0.0,0.0,0.0,0.0,0.0,0.0,0,0,not available,not available,0,0.0,0.0,0,0,0,0,not available
trial-0a2c2942e0cc,not available,2026-10-05 16:30:15.183000,2026-10-05 16:30:36.441000,21.26,4h,GoldChochAtrMomentum,trend,london_ny,both,,6,not available,1,rejected,determinism,smoke_run,2,not available,714cccdfee15e866,0,0.0,0.0,0.0,0.0,0.0,0.0,0.0,0.0,0.0,0,0,not available,not available,0,0.0,0.0,0,0,0,0,not available
trial-ef0bcbacfaf1,not available,2026-10-05 16:30:37.711000,2026-10-05 16:31:14.687000,36.98,4h,GoldWmaRsiVolTrend,trend,london_ny,both,,6,not available,1,rejected,determinism,smoke_run,2,not available,b0e0c1cb11a8fede,0,0.0,0.0,0.0,0.0,0.0,0.0,0.0,0.0,0.0,0,0,not available,not available,0,0.0,0.0,0,0,0,0,not available
trial-0a92391bc102,not available,2026-10-05 16:31:15.984000,2026-10-05 16:31:48.711000,32.73,4h,GoldFvgAdxMomentum,trend,london_ny,both,,6,not available,1,rejected,determinism,smoke_run,2,not available,32b2cc4c17e1a3ee,0,0.0,0.0,0.0,0.0,0.0,0.0,0.0,0.0,0.0,0,0,not available,not available,0,0.0,0.0,0,0,0,0,not available
trial-f647677d02d1,not available,2026-10-05 16:31:50.022000,2026-10-05 16:32:21.368000,31.35,4h,GoldKeltnerRocTrend,trend,none,both,,6,not available,1,rejected,determinism,smoke_run,2,not available,2922ed8d22d2ab00,0,0.0,0.0,0.0,0.0,0.0,0.0,0.0,0.0,0.0,0,0,not available,not available,0,0.0,0.0,0,0,0,0,not available
trial-95217e2787fb,not available,2026-10-05 16:32:23.051000,2026-10-05 16:34:16.684000,113.63,1h,GoldLiquiditySweepTrendContinuation,trend,london_ny,both,,3,not available,1,rejected,minimum_sample,train_backtest,6,not available,71036a759096cf2d,8,2.7,0.25,0.5198,-0.4819,-2.82,5.01,-352.42,0.2853,6.2,8,0,not available,not available,0,0.0,0.0,0,0,0,0,not available
trial-299a737a8075,not available,2026-10-05 16:34:18.001000,2026-10-05 16:34:49.567000,31.57,4h,GoldSqueezeRsiMomentum,trend,london_ny,both,,6,not available,1,rejected,determinism,smoke_run,2,not available,e0d8cf25bcd12518,0,0.0,0.0,0.0,0.0,0.0,0.0,0.0,0.0,0.0,0,0,not available,not available,0,0.0,0.0,0,0,0,0,not available
trial-679dbae31a96,not available,2026-10-05 16:34:51.167000,2026-10-05 16:36:39.610000,108.44,1h,GoldHTFMACDSessionMomentum,trend,london_ny,both,,4,not available,1,rejected,minimum_sample,train_backtest,6,not available,aa925e87e93fe8f2,20,6.7,0.25,0.6216,-0.5157,-5.52,8.87,-276.02,0.2465,11.2,12,8,not available,not available,0,0.0,0.0,0,0,0,0,not available
trial-3bd86c3b90f6,not available,2026-10-05 16:36:40.963000,2026-10-05 16:37:13.132000,32.17,1h,GoldVolPercentileDonchianBreakout,trend,london_ny,both,,6,not available,1,rejected,determinism,smoke_run,2,not available,85a8bda406b8c8a7,0,0.0,0.0,0.0,0.0,0.0,0.0,0.0,0.0,0.0,0,0,not available,not available,0,0.0,0.0,0,0,0,0,not available
trial-44df286d9281,not available,2026-10-05 16:37:14.599000,2026-10-05 16:39:27.469000,132.87,1h,GoldHTFTrendPullback,trend,london_ny,both,,6,not available,1,rejected,minimum_sample,train_backtest,6,not available,489f765ea7ec9cfb,13,4.3,0.2308,0.4731,-0.7526,-5.1,6.54,-392.27,0.3126,4.5,9,4,not available,not available,0,0.0,0.0,0,0,0,0,not available
trial-f5005fcae014,not available,2026-10-05 16:39:28.920000,2026-10-05 16:41:47.355000,138.44,1h,GoldBosPremiumDiscountTrend,trend,london_ny,both,,6,not available,1,rejected,minimum_sample,train_backtest,6,not available,8bb5c4e7fba8391c,1,0.3,0.0,0.0,-0.5208,-0.98,1.29,-979.52,1.0,4.0,1,0,not available,not available,0,0.0,0.0,0,0,0,0,not available
trial-265ef5d7efc4,not available,2026-10-05 16:41:48.700000,2026-10-05 16:42:10.396000,21.7,1h,GoldSessionVwapAdxTrend,trend,london_ny,both,,6,not available,1,rejected,determinism,smoke_run,2,not available,b8ce04bb164abb0e,0,0.0,0.0,0.0,0.0,0.0,0.0,0.0,0.0,0.0,0,0,not available,not available,0,0.0,0.0,0,0,0,0,not available
trial-297ffd11717c,not available,2026-10-05 16:42:11.703000,2026-10-05 16:42:42.155000,30.45,4h,GoldRsiAdxTrendPullback,trend,none,both,,6,not available,1,rejected,determinism,smoke_run,2,not available,888ab5c2abec2766,0,0.0,0.0,0.0,0.0,0.0,0.0,0.0,0.0,0.0,0,0,not available,not available,0,0.0,0.0,0,0,0,0,not available
trial-aac6aece7dc1,not available,2026-10-05 16:42:43.491000,2026-10-05 16:43:14.501000,31.01,4h,GoldWmaVolRegimeTrend,trend,none,both,,5,not available,1,rejected,determinism,smoke_run,2,not available,fbb0e20dd81479d2,0,0.0,0.0,0.0,0.0,0.0,0.0,0.0,0.0,0.0,0,0,not available,not available,0,0.0,0.0,0,0,0,0,not available
trial-596540589f37,not available,2026-10-05 16:43:16.008000,2026-10-05 16:45:11.558000,115.55,4h,GoldEmaRocSessionMomentum,trend,london_ny,both,,6,not available,1,rejected,minimum_sample,train_backtest,6,not available,0a9fc91703f3d870,52,17.3,0.4038,0.897,-0.2064,-3.1,7.56,-59.56,0.1281,8.8,25,27,not available,not available,0,0.0,0.0,0,0,0,0,not available
trial-ae5070385459,not available,2026-10-05 16:45:12.941000,2026-10-05 16:46:57.869000,104.93,1h,GoldZScoreEmaReversion,mean_reversion,london_ny,both,,6,not available,1,rejected,minimum_sample,train_backtest,6,not available,e8bd1e04ee40c2c3,28,9.3,0.5714,0.9355,-0.0735,-0.75,3.91,-26.84,0.2274,1.8,17,11,not available,not available,0,0.0,0.0,0,0,0,0,not available
trial-15f405486afe,not available,2026-10-05 16:46:59.260000,2026-10-05 16:47:27.643000,28.38,4h,GoldSupertrendRsiMomentum,trend,none,both,,6,not available,1,rejected,determinism,smoke_run,2,not available,5a79ac4d91b1f451,0,0.0,0.0,0.0,0.0,0.0,0.0,0.0,0.0,0.0,0,0,not available,not available,0,0.0,0.0,0,0,0,0,not available
trial-30064ccb79cf,not available,2026-10-05 16:47:28.969000,2026-10-05 16:47:48.945000,19.98,1h,GoldKeltnerBosMomentum,trend,london_ny,both,,6,not available,1,rejected,determinism,smoke_run,2,not available,330648efe032d3ba,0,0.0,0.0,0.0,0.0,0.0,0.0,0.0,0.0,0.0,0,0,not available,not available,0,0.0,0.0,0,0,0,0,not available
trial-407380a02c7a,not available,2026-10-05 16:47:50.348000,2026-10-05 16:48:25.010000,34.66,1h,GoldBollingerSweepContinuation,trend,london_ny,both,,6,not available,1,rejected,determinism,smoke_run,2,not available,e937e8705a40ad2f,0,0.0,0.0,0.0,0.0,0.0,0.0,0.0,0.0,0.0,0,0,not available,not available,0,0.0,0.0,0,0,0,0,not available
trial-c3ae3675ec9d,not available,2026-10-05 16:48:26.298000,2026-10-05 16:48:49.026000,22.73,1h,GoldStochDonchianSessionMomentum,trend,london_ny,both,,6,not available,1,rejected,determinism,smoke_run,2,not available,417addd12f877c2a,0,0.0,0.0,0.0,0.0,0.0,0.0,0.0,0.0,0.0,0,0,not available,not available,0,0.0,0.0,0,0,0,0,not available
trial-f1c0b5e9dc5c,not available,2026-10-05 16:48:50.350000,2026-10-05 16:53:00.235000,249.89,1h,Strategy_trial-f1,unknown,all,both,,0,not available,1,rejected,basic_quality,minimum_sample,7,not available,bc94a659e923a555,303,101.1,0.3564,0.8698,-0.4555,-20.8,26.31,-68.65,0.1912,12.0,131,172,not available,not available,0,0.0,0.0,0,0,0,0,not available
trial-b52a8ce25770,not available,2026-10-05 16:53:01.776000,2026-10-05 16:56:33.021000,211.24,4h,Strategy_trial-b5,unknown,all,both,,0,not available,1,rejected,minimum_sample,train_backtest,6,not available,3b4fbdbc2293d751,81,27.0,0.2593,0.7152,-0.4063,-15.26,22.18,-188.43,0.3215,7.5,41,40,not available,not available,0,0.0,0.0,0,0,0,0,not available
trial-61a8f3f7798c,not available,2026-10-05 16:56:34.691000,2026-10-05 16:56:54.344000,19.65,1h,GoldAdxChochSessionMomentum,trend,london_ny,both,,6,not available,1,rejected,determinism,smoke_run,2,not available,adcf3b243918b2fb,0,0.0,0.0,0.0,0.0,0.0,0.0,0.0,0.0,0.0,0,0,not available,not available,0,0.0,0.0,0,0,0,0,not available
trial-c1ae13cdb338,not available,2026-10-05 16:56:55.752000,2026-10-05 16:59:08.216000,132.46,4h,GoldSessionRangeAtrBreakout,trend,london_ny,both,,4,not available,1,rejected,minimum_sample,train_backtest,6,not available,1e579ebc4871d3a0,1,0.3,1.0,999.0,0.5208,1.56,0.0,1557.66,0.035,0.0,1,0,not available,not available,0,0.0,0.0,0,0,0,0,not available
trial-fd8057244cde,not available,2026-10-05 16:59:09.612000,2026-10-05 16:59:58.793000,49.18,4h,GoldFvgRsiTrendContinuation,trend,london_ny,both,,6,not available,1,rejected,determinism,smoke_run,2,not available,f4f6ff014647cf4f,0,0.0,0.0,0.0,0.0,0.0,0.0,0.0,0.0,0.0,0,0,not available,not available,0,0.0,0.0,1,0,0,0,not available
trial-8efe2bc49bee,not available,2026-10-05 17:00:00.185000,2026-10-05 17:00:30.514000,30.33,1h,GoldOpeningRangeVolExpansion,trend,london_ny,both,,6,not available,1,rejected,determinism,smoke_run,2,not available,ff015017493bd595,0,0.0,0.0,0.0,0.0,0.0,0.0,0.0,0.0,0.0,0,0,not available,not available,0,0.0,0.0,0,0,0,0,not available
trial-18f977d8e40a,not available,2026-10-05 17:00:31.917000,2026-10-05 17:01:58.049000,86.13,4h,GoldLiquiditySweepEmaTrend,trend,london_ny,both,,6,not available,1,rejected,minimum_sample,train_backtest,6,not available,2c171b04c0f668a3,15,5.0,0.3333,0.7769,-0.2345,-2.18,4.14,-145.26,0.168,8.5,9,6,not available,not available,0,0.0,0.0,0,0,0,0,not available
trial-2dc541dfdbe8,not available,2026-10-05 17:01:59.882000,2026-10-05 17:02:55.654000,55.77,4h,Strategy_trial-2d,unknown,all,both,,0,not available,1,rejected,determinism,smoke_run,2,not available,6d9c744a46e24fdd,0,0.0,0.0,0.0,0.0,0.0,0.0,0.0,0.0,0.0,0,0,not available,not available,0,0.0,0.0,0,0,0,0,not available
trial-08cf2e1542bd,not available,2026-10-05 17:02:57.063000,2026-10-05 17:03:21.175000,24.11,1h,GoldHtfKeltnerMomentumBreakout,trend,london_ny,both,,6,not available,1,rejected,determinism,smoke_run,2,not available,2c214af97053d4aa,0,0.0,0.0,0.0,0.0,0.0,0.0,0.0,0.0,0.0,0,0,not available,not available,0,0.0,0.0,0,0,0,0,not available
trial-5ebb6302891c,not available,2026-10-05 17:03:22.567000,2026-10-05 17:05:37.599000,135.03,1h,GoldSqueezeVolExpansion,trend,none,both,,6,not available,1,rejected,minimum_sample,train_backtest,6,not available,5a2119c8d68c5a8c,30,10.0,0.3,0.8056,-0.2901,-3.9,10.28,-130.14,0.1979,8.7,16,14,not available,not available,0,0.0,0.0,0,0,0,0,not available
trial-5d5ccf10cd0e,not available,2026-10-05 17:05:39.093000,2026-10-05 17:06:34.706000,55.61,1h,Strategy_trial-5d,unknown,all,both,,0,not available,1,rejected,determinism,smoke_run,2,not available,a316a9f2b7162b14,0,0.0,0.0,0.0,0.0,0.0,0.0,0.0,0.0,0.0,0,0,not available,not available,0,0.0,0.0,0,0,0,0,not available
trial-a51b0bb4118f,not available,2026-10-05 17:06:36.185000,2026-10-05 17:09:53.568000,197.38,1h,GoldPremiumDiscountMacdTrend,trend,london_ny,both,,5,not available,1,error,minimum_sample,train_backtest,6,not available,7059bf1c724bb250,36,12.0,0.3889,0.875,-0.1805,-2.53,6.18,-70.18,0.2109,10.0,12,24,not available,not available,0,0.0,0.0,0,0,0,0,not available
trial-fc3413a05fd1,not available,2026-10-05 17:10:02.741000,2026-10-05 17:12:58.441000,175.7,1h,GoldWmaRocSessionMomentum,trend,london_ny,both,,6,not available,1,rejected,minimum_sample,train_backtest,6,not available,dc4530bb6ca47efb,33,11.0,0.2121,0.4137,-1.1539,-13.87,13.87,-420.41,0.3488,4.2,17,16,not available,not available,0,0.0,0.0,0,0,0,0,not available
trial-c852930b56be,not available,2026-10-05 17:13:00.008000,2026-10-05 17:13:27.296000,27.29,4h,GoldAdxDonchianVolBreakout,trend,none,both,,6,not available,1,rejected,determinism,smoke_run,2,not available,5406c48a11e50e8e,0,0.0,0.0,0.0,0.0,0.0,0.0,0.0,0.0,0.0,0,0,not available,not available,0,0.0,0.0,0,0,0,0,not available
trial-b247573dbc53,not available,2026-10-05 17:13:28.628000,2026-10-05 17:17:38.411000,249.78,1h,GoldHtfTrendVolPullback,trend,none,both,,6,not available,1,rejected,minimum_sample,train_backtest,6,not available,8b5b6e074f41f62d,0,0.0,0.0,0.0,0.0,0.0,0.0,0.0,0.0,0.0,0,0,not available,not available,0,0.0,0.0,0,0,0,0,not available
trial-2730c7e3335e,not available,2026-10-05 17:17:39.789000,2026-10-05 17:18:34.499000,54.71,4h,GoldVolPercentileRsiSwing,trend,london_ny,both,,5,not available,1,rejected,determinism,smoke_run,2,not available,a0eff93130a07f1f,0,0.0,0.0,0.0,0.0,0.0,0.0,0.0,0.0,0.0,0,0,not available,not available,0,0.0,0.0,1,0,0,0,not available
trial-9a60d1534204,not available,2026-10-05 17:18:35.807000,2026-10-05 17:23:38.690000,302.88,4h,Strategy_trial-9a,unknown,all,both,,0,not available,1,rejected,minimum_sample,train_backtest,6,not available,3a99947747818bd6,0,0.0,0.0,0.0,0.0,0.0,0.0,0.0,0.0,0.0,0,0,not available,not available,0,0.0,0.0,0,0,0,0,not available
trial-30415b47558c,not available,2026-10-05 17:23:40.043000,2026-10-05 17:24:07.430000,27.39,4h,GoldSupertrendRsiPullback,trend,none,both,,6,not available,1,rejected,determinism,smoke_run,2,not available,341163516d1f86c1,0,0.0,0.0,0.0,0.0,0.0,0.0,0.0,0.0,0.0,0,0,not available,not available,0,0.0,0.0,0,0,0,0,not available
trial-5cfb3530dad5,not available,2026-10-05 17:24:08.799000,2026-10-05 17:26:57.380000,168.58,1h,GoldZscoreBosSessionTrend,trend,london_ny,both,,5,not available,1,rejected,minimum_sample,train_backtest,6,not available,a88898ce97692db1,35,11.7,0.4,0.9763,-0.0223,-0.48,9.13,-13.66,0.1648,6.2,20,15,not available,not available,0,0.0,0.0,0,0,0,0,not available
trial-9712f0ea482c,not available,2026-10-05 17:31:48.845000,2026-10-05 17:32:48.572000,59.73,1h,,unknown,all,both,,0,not available,1,error,none,none,0,not available,,0,0.0,0.0,0.0,0.0,0.0,0.0,0.0,0.0,0.0,0,0,not available,not available,0,0.0,0.0,0,0,0,0,not available
trial-d5cdc5f1572b,not available,2026-10-05 17:33:13.982000,2026-10-05 17:33:56.552000,42.57,4h,GoldKeltnerSweepMomentum,trend_reversion,london_ny,both,,6,not available,1,rejected,determinism,smoke_run,2,not available,c718f87aafcec65c,0,0.0,0.0,0.0,0.0,0.0,0.0,0.0,0.0,0.0,0,0,not available,not available,0,0.0,0.0,0,0,0,0,not available
trial-95933ffb956c,not available,2026-10-05 17:36:02.056000,2026-10-05 17:38:13.076000,131.02,4h,Strategy_trial-95,unknown,all,both,,0,not available,1,rejected,basic_quality,minimum_sample,7,not available,86fe93cd8bd75486,221,73.7,0.2036,0.6719,-0.6313,-42.55,53.11,-192.53,0.3281,9.5,83,138,not available,not available,0,0.0,0.0,0,0,0,0,not available
trial-c907be2b4860,not available,2026-10-05 17:38:14.561000,2026-10-05 17:38:49.073000,34.51,1h,GoldKeltnerSweepReversal,mean_reversion,london_ny,both,,6,not available,1,rejected,determinism,smoke_run,2,not available,8210734479bfd1e3,0,0.0,0.0,0.0,0.0,0.0,0.0,0.0,0.0,0.0,0,0,not available,not available,0,0.0,0.0,0,0,0,0,not available
trial-9a9ae6033e7f,not available,2026-10-05 17:38:50.660000,2026-10-05 17:40:55.890000,125.23,1h,GoldSessionORB_TrendContinuation,trend,london_ny,both,,4,not available,1,rejected,minimum_sample,train_backtest,6,not available,0c12503a3fbafd71,5,1.7,0.4,1.2398,0.1251,0.7,2.16,140.0,0.1408,2.4,3,2,not available,not available,0,0.0,0.0,0,0,0,0,not available
trial-6082d98a4d84,not available,2026-10-05 17:40:57.248000,2026-10-05 17:46:16.743000,319.49,4h,GoldVolatilityAdaptiveTrend,trend,london_ny,both,,6,not available,1,rejected,minimum_sample,train_backtest,6,not available,b837ce6aca0c31b7,0,0.0,0.0,0.0,0.0,0.0,0.0,0.0,0.0,0.0,0,0,not available,not available,0,0.0,0.0,0,0,0,0,not available
trial-ee2ee9f4686c,not available,2026-10-05 17:46:18.075000,2026-10-05 17:46:53.715000,35.64,1h,GoldHTFMomentumPullback,trend,london_ny,both,,6,not available,1,rejected,determinism,smoke_run,2,not available,d85195f379b05d3c,0,0.0,0.0,0.0,0.0,0.0,0.0,0.0,0.0,0.0,0,0,not available,not available,0,0.0,0.0,0,0,0,0,not available
trial-9e2ecb60186a,not available,2026-10-05 17:46:55.086000,2026-10-05 17:47:25.078000,29.99,4h,GoldDonchianBOSMomentum,trend,london_ny,both,,6,not available,1,rejected,determinism,smoke_run,2,not available,4f85ebe1fb195dc6,0,0.0,0.0,0.0,0.0,0.0,0.0,0.0,0.0,0.0,0,0,not available,not available,0,0.0,0.0,0,0,0,0,not available
trial-cc8c97ee6615,not available,2026-10-05 17:47:26.486000,2026-10-05 17:47:44.804000,18.32,1h,GoldLiquiditySweepTrend,trend,london_ny,both,,5,not available,1,rejected,determinism,smoke_run,2,not available,723c385cc315a406,0,0.0,0.0,0.0,0.0,0.0,0.0,0.0,0.0,0.0,0,0,not available,not available,0,0.0,0.0,0,0,0,0,not available
trial-a6e04a23c5d7,not available,2026-10-05 17:47:46.408000,2026-10-05 17:51:00.758000,194.35,1h,GoldRSIMomentumSessionTrend,trend,london_ny,both,,5,not available,1,rejected,basic_quality,minimum_sample,7,not available,a031fc659dbfd3b3,400,133.4,0.3075,0.7672,-1.1609,-40.42,52.75,-101.05,0.2264,4.6,209,191,not available,not available,0,0.0,0.0,0,0,0,0,not available
trial-0ff9259b373a,not available,2026-10-05 17:51:02.241000,2026-10-05 17:51:24.912000,22.67,1h,GoldVWAPMeanReversionSession,trend,london_ny,both,,6,not available,1,rejected,determinism,smoke_run,2,not available,7149879fba2202f0,0,0.0,0.0,0.0,0.0,0.0,0.0,0.0,0.0,0.0,0,0,not available,not available,0,0.0,0.0,0,0,0,0,not available
trial-2a25b2c1dfec,not available,2026-10-05 17:51:26.284000,2026-10-05 17:51:57.460000,31.18,1h,GoldSqueezeMomentumBreakout,trend,none,both,,6,not available,1,rejected,determinism,smoke_run,2,not available,5b09337f0f7bbe39,0,0.0,0.0,0.0,0.0,0.0,0.0,0.0,0.0,0.0,0,0,not available,not available,0,0.0,0.0,0,0,0,0,not available
trial-10ae0c86f7fa,not available,2026-10-05 17:51:59.178000,2026-10-05 17:54:00.833000,121.65,4h,GoldPremiumDiscountTrendFlow,trend,london_ny,both,,6,not available,1,rejected,minimum_sample,train_backtest,6,not available,628f117995e70ce3,0,0.0,0.0,0.0,0.0,0.0,0.0,0.0,0.0,0.0,0,0,not available,not available,0,0.0,0.0,0,0,0,0,not available
trial-5e55c334a6fa,not available,2026-10-05 17:54:02.417000,2026-10-05 17:54:25.644000,23.23,1h,GoldSessionVolatilityExpansion,trend,london_ny,both,,6,not available,1,rejected,determinism,smoke_run,2,not available,b75a2b84a1b54c25,0,0.0,0.0,0.0,0.0,0.0,0.0,0.0,0.0,0.0,0,0,not available,not available,0,0.0,0.0,0,0,0,0,not available
trial-1476dd5870e0,not available,2026-10-05 17:54:26.982000,2026-10-05 17:54:59.825000,32.84,1h,GoldZScoreVolRegime,trend,london_ny,both,,6,not available,1,rejected,determinism,smoke_run,2,not available,644239cb1212e355,0,0.0,0.0,0.0,0.0,0.0,0.0,0.0,0.0,0.0,0,0,not available,not available,0,0.0,0.0,0,0,0,0,not available
trial-722e0dc79e24,not available,2026-10-05 17:55:01.262000,2026-10-05 17:55:23.872000,22.61,4h,GoldROCAdxTrendContinuation,trend,london_ny,both,,6,not available,1,rejected,determinism,smoke_run,2,not available,8c47d1dd77f2dd02,0,0.0,0.0,0.0,0.0,0.0,0.0,0.0,0.0,0.0,0,0,not available,not available,0,0.0,0.0,0,0,0,0,not available
trial-f551f82a5c66,not available,2026-10-05 17:55:25.192000,2026-10-05 17:55:46.120000,20.93,4h,GoldKeltnerADXRegimeTrend,trend,london_ny,both,,6,not available,1,rejected,determinism,smoke_run,2,not available,8c3ea0cc5f064dd9,0,0.0,0.0,0.0,0.0,0.0,0.0,0.0,0.0,0.0,0,0,not available,not available,0,0.0,0.0,0,0,0,0,not available
trial-c50505d466b7,not available,2026-10-05 17:55:47.507000,2026-10-05 17:57:24.700000,97.19,4h,GoldSupertrendRSIPullback,trend,london_ny,both,,6,not available,1,rejected,minimum_sample,train_backtest,6,not available,b64f4082c601731e,0,0.0,0.0,0.0,0.0,0.0,0.0,0.0,0.0,0.0,0,0,not available,not available,0,0.0,0.0,0,0,0,0,not available
trial-7e456a860da7,not available,2026-10-05 17:57:26.082000,2026-10-05 17:58:09.070000,42.99,1h,Strategy_trial-7e,unknown,all,both,,0,not available,1,rejected,determinism,smoke_run,2,not available,f0ab5d53e578f291,0,0.0,0.0,0.0,0.0,0.0,0.0,0.0,0.0,0.0,0,0,not available,not available,0,0.0,0.0,0,0,0,0,not available
6ac3e9f3d18a7b04b14106c5,not available,2026-10-05 18:18:27.801000,not available,0.0,1h,Strategy_trial-7e,unknown,all,both,,0,not available,1,rejected,minimum_sample,train_backtest,6,not available,f0ab5d53e578f291,0,0.0,0.0,0.0,0.0,0.0,0.0,0.0,0.0,0.0,0,0,not available,not available,0,0.0,0.0,0,0,0,0,not available
6ac3ea7ad18a7b04b14106c6,not available,2026-10-05 18:20:42.080000,not available,0.0,4h,GoldSupertrendRSIPullback,trend,london_ny,both,,6,not available,1,rejected,minimum_sample,train_backtest,6,not available,b64f4082c601731e,0,0.0,0.0,0.0,0.0,0.0,0.0,0.0,0.0,0.0,0,0,not available,not available,0,0.0,0.0,0,0,0,0,not available
6ac3eaf9d18a7b04b14106c7,not available,2026-10-05 18:22:49.200000,not available,0.0,4h,GoldKeltnerADXRegimeTrend,trend,london_ny,both,,6,not available,1,rejected,minimum_sample,train_backtest,6,not available,8c3ea0cc5f064dd9,0,0.0,0.0,0.0,0.0,0.0,0.0,0.0,0.0,0.0,0,0,not available,not available,0,0.0,0.0,0,0,0,0,not available
6ac3eb7fd18a7b04b14106c8,not available,2026-10-05 18:25:03.987000,not available,0.0,4h,GoldROCAdxTrendContinuation,trend,london_ny,both,,6,not available,1,rejected,minimum_sample,train_backtest,6,not available,8c47d1dd77f2dd02,0,0.0,0.0,0.0,0.0,0.0,0.0,0.0,0.0,0.0,0,0,not available,not available,0,0.0,0.0,0,0,0,0,not available
6ac3ebecd18a7b04b14106c9,not available,2026-10-05 18:26:52.030000,not available,0.0,1h,GoldZScoreVolRegime,trend,london_ny,both,,6,not available,1,rejected,minimum_sample,train_backtest,6,not available,644239cb1212e355,0,0.0,0.0,0.0,0.0,0.0,0.0,0.0,0.0,0.0,0,0,not available,not available,0,0.0,0.0,0,0,0,0,not available
6ac3ec8ad18a7b04b14106ca,not available,2026-10-05 18:29:30.761000,not available,0.0,4h,GoldPremiumDiscountTrendFlow,trend,london_ny,both,,6,not available,1,rejected,minimum_sample,train_backtest,6,not available,628f117995e70ce3,0,0.0,0.0,0.0,0.0,0.0,0.0,0.0,0.0,0.0,0,0,not available,not available,0,0.0,0.0,0,0,0,0,not available
6ac3ecf7d18a7b04b14106cb,not available,2026-10-05 18:31:19.484000,not available,0.0,1h,GoldVWAPMeanReversionSession,trend,london_ny,both,,6,not available,1,rejected,minimum_sample,train_backtest,6,not available,7149879fba2202f0,0,0.0,0.0,0.0,0.0,0.0,0.0,0.0,0.0,0.0,0,0,not available,not available,0,0.0,0.0,0,0,0,0,not available
6ac3edbed18a7b04b14106cc,not available,2026-10-05 18:34:38.674000,not available,0.0,1h,GoldLiquiditySweepTrend,trend,london_ny,both,,5,not available,1,rejected,basic_quality,minimum_sample,7,not available,723c385cc315a406,0,0.0,0.0,0.0,0.0,0.0,0.0,0.0,0.0,0.0,0,0,not available,not available,0,0.0,0.0,0,0,0,0,not available
6ac3ef19d18a7b04b14106cd,not available,2026-10-05 18:40:25.955000,not available,0.0,1h,GoldHTFMomentumPullback,trend,london_ny,both,,6,not available,1,rejected,signal_validity,truncation,4,not available,d85195f379b05d3c,0,0.0,0.0,0.0,0.0,0.0,0.0,0.0,0.0,0.0,0,0,not available,not available,0,0.0,0.0,0,0,0,0,not available
6ac3f046d18a7b04b14106ce,not available,2026-10-05 18:45:26.485000,not available,0.0,4h,GoldVolatilityAdaptiveTrend,trend,london_ny,both,,6,not available,1,rejected,basic_quality,minimum_sample,7,not available,b837ce6aca0c31b7,0,0.0,0.0,0.0,0.0,0.0,0.0,0.0,0.0,0.0,0,0,not available,not available,0,0.0,0.0,0,0,0,0,not available
6ac3f0f5d18a7b04b14106cf,not available,2026-10-05 18:48:21.426000,not available,0.0,1h,GoldSessionORB_TrendContinuation,trend,london_ny,both,,4,not available,1,rejected,minimum_sample,train_backtest,6,not available,0c12503a3fbafd71,0,0.0,0.0,0.0,0.0,0.0,0.0,0.0,0.0,0.0,0,0,not available,not available,0,0.0,0.0,0,0,0,0,not available
6ac3f191d18a7b04b14106d0,not available,2026-10-05 18:50:57.984000,not available,0.0,1h,GoldKeltnerSweepReversal,mean_reversion,london_ny,both,,6,not available,1,rejected,minimum_sample,train_backtest,6,not available,8210734479bfd1e3,0,0.0,0.0,0.0,0.0,0.0,0.0,0.0,0.0,0.0,0,0,not available,not available,0,0.0,0.0,0,0,0,0,not available
6ac3f270d18a7b04b14106d1,not available,2026-10-05 18:54:40.055000,not available,0.0,4h,GoldKeltnerSweepMomentum,trend_reversion,london_ny,both,,6,not available,1,rejected,minimum_sample,train_backtest,6,not available,c718f87aafcec65c,0,0.0,0.0,0.0,0.0,0.0,0.0,0.0,0.0,0.0,0,0,not available,not available,0,0.0,0.0,0,0,0,0,not available
6ac3f2e1d18a7b04b14106d2,not available,2026-10-05 18:56:33.828000,not available,0.0,1h,GoldZscoreBosSessionTrend,trend,london_ny,both,,5,not available,1,rejected,minimum_sample,train_backtest,6,not available,a88898ce97692db1,0,0.0,0.0,0.0,0.0,0.0,0.0,0.0,0.0,0.0,0,0,not available,not available,0,0.0,0.0,0,0,0,0,not available
6ac3f382d18a7b04b14106d3,not available,2026-10-05 18:59:14.815000,not available,0.0,4h,GoldSupertrendRsiPullback,trend,none,both,,6,not available,1,rejected,minimum_sample,train_backtest,6,not available,341163516d1f86c1,0,0.0,0.0,0.0,0.0,0.0,0.0,0.0,0.0,0.0,0,0,not available,not available,0,0.0,0.0,0,0,0,0,not available
6ac3f40ad18a7b04b14106d4,not available,2026-10-05 19:01:30.199000,not available,0.0,4h,Strategy_trial-9a,unknown,all,both,,0,not available,1,rejected,minimum_sample,train_backtest,6,not available,3a99947747818bd6,0,0.0,0.0,0.0,0.0,0.0,0.0,0.0,0.0,0.0,0,0,not available,not available,0,0.0,0.0,0,0,0,0,not available
6ac3f511d18a7b04b14106d5,not available,2026-10-05 19:05:53.060000,not available,0.0,4h,GoldVolPercentileRsiSwing,trend,london_ny,both,,5,not available,1,rejected,minimum_sample,train_backtest,6,not available,a0eff93130a07f1f,0,0.0,0.0,0.0,0.0,0.0,0.0,0.0,0.0,0.0,0,0,not available,not available,0,0.0,0.0,0,0,0,0,not available
6ac3f708d18a7b04b14106d6,not available,2026-10-05 19:14:16.277000,not available,0.0,1h,GoldHtfTrendVolPullback,trend,none,both,,6,not available,1,rejected,signal_validity,truncation,4,not available,8b5b6e074f41f62d,0,0.0,0.0,0.0,0.0,0.0,0.0,0.0,0.0,0.0,0,0,not available,not available,0,0.0,0.0,0,0,0,0,not available
6ac3f796d18a7b04b14106d7,not available,2026-10-05 19:16:38.815000,not available,0.0,4h,GoldAdxDonchianVolBreakout,trend,none,both,,6,not available,1,rejected,minimum_sample,train_backtest,6,not available,5406c48a11e50e8e,0,0.0,0.0,0.0,0.0,0.0,0.0,0.0,0.0,0.0,0,0,not available,not available,0,0.0,0.0,0,0,0,0,not available
6ac3f81ed18a7b04b14106d8,not available,2026-10-05 19:18:54.256000,not available,0.0,1h,GoldWmaRocSessionMomentum,trend,london_ny,both,,6,not available,1,rejected,minimum_sample,train_backtest,6,not available,dc4530bb6ca47efb,0,0.0,0.0,0.0,0.0,0.0,0.0,0.0,0.0,0.0,0,0,not available,not available,0,0.0,0.0,0,0,0,0,not available
6ac3f898d18a7b04b14106d9,not available,2026-10-05 19:20:56.793000,not available,0.0,1h,GoldPremiumDiscountMacdTrend,trend,london_ny,both,,5,not available,1,rejected,minimum_sample,train_backtest,6,not available,7059bf1c724bb250,0,0.0,0.0,0.0,0.0,0.0,0.0,0.0,0.0,0.0,0,0,not available,not available,0,0.0,0.0,0,0,0,0,not available
6ac3f964d18a7b04b14106da,not available,2026-10-05 19:24:20.370000,not available,0.0,1h,Strategy_trial-5d,unknown,all,both,,0,not available,1,rejected,basic_quality,minimum_sample,7,not available,a316a9f2b7162b14,0,0.0,0.0,0.0,0.0,0.0,0.0,0.0,0.0,0.0,0,0,not available,not available,0,0.0,0.0,0,0,0,0,not available
6ac3f9b8d18a7b04b14106db,not available,2026-10-05 19:25:44.383000,not available,0.0,1h,GoldSqueezeVolExpansion,trend,none,both,,6,not available,1,rejected,minimum_sample,train_backtest,6,not available,5a2119c8d68c5a8c,0,0.0,0.0,0.0,0.0,0.0,0.0,0.0,0.0,0.0,0,0,not available,not available,0,0.0,0.0,0,0,0,0,not available
6ac3faecd18a7b04b14106dc,not available,2026-10-05 19:30:52.489000,not available,0.0,1h,GoldHtfKeltnerMomentumBreakout,trend,london_ny,both,,6,not available,1,rejected,signal_validity,truncation,4,not available,2c214af97053d4aa,0,0.0,0.0,0.0,0.0,0.0,0.0,0.0,0.0,0.0,0,0,not available,not available,0,0.0,0.0,0,0,0,0,not available
6ac3fb6fd18a7b04b14106dd,not available,2026-10-05 19:33:03.463000,not available,0.0,4h,Strategy_trial-2d,unknown,all,both,,0,not available,1,rejected,minimum_sample,train_backtest,6,not available,6d9c744a46e24fdd,0,0.0,0.0,0.0,0.0,0.0,0.0,0.0,0.0,0.0,0,0,not available,not available,0,0.0,0.0,0,0,0,0,not available
trial-0a83b6944bb3,not available,2026-10-05 19:36:10.076000,2026-10-05 19:38:02.310000,112.23,1h,LondonNY_SessionMomentumBOS,trend,london_ny,both,,6,not available,1,rejected,smoke_run,policy_scan,1,not available,d0b98f6183f4f336,0,0.0,0.0,0.0,0.0,0.0,0.0,0.0,0.0,0.0,0,0,not available,not available,0,0.0,0.0,6,0,0,0,not available
trial-55db857b8939,not available,2026-10-05 19:42:08.842000,2026-10-05 19:45:56.259000,227.42,1h,GoldSessionMomentumBreakout,momentum,london_ny,both,,5,not available,1,rejected,basic_quality,minimum_sample,7,not available,2314c08c9999101e,742,247.5,0.3598,0.873,-0.6971,-39.38,45.38,-53.08,0.1741,8.0,379,363,not available,not available,0,0.0,0.0,0,0,0,0,not available
trial-561598dc3c6e,not available,2026-10-05 19:45:57.853000,2026-10-05 19:48:11.249000,133.4,4h,GoldVolatilitySqueezeTrend,trend,london_ny,both,,6,not available,1,rejected,minimum_sample,train_backtest,6,not available,9c7e087400cd7a0a,1,0.3,0.0,0.0,-0.399,-0.99,1.76,-991.98,1.0,29.0,1,0,not available,not available,0,0.0,0.0,0,0,0,0,not available
trial-539dd835659e,not available,2026-10-05 19:48:12.665000,2026-10-05 19:50:49.663000,157.0,1h,GoldKeltnerTrendPullback,trend,london_ny,both,,6,not available,1,rejected,minimum_sample,train_backtest,6,not available,67f62eba47d3d7d7,4,1.3,0.25,0.5185,-0.2405,-1.42,3.79,-355.9,0.2466,26.2,2,2,not available,not available,0,0.0,0.0,0,0,0,0,not available
trial-4f69a94d26f6,not available,2026-10-05 19:50:51.045000,2026-10-05 19:55:53.143000,302.1,1h,GoldHTFMomentumPullback,trend,london_ny,both,,6,not available,1,rejected,minimum_sample,train_backtest,6,not available,fc8eb2362428b82e,1,0.3,0.0,0.0,-0.6722,-1.01,1.39,-1005.67,1.0,16.0,1,0,not available,not available,0,0.0,0.0,0,0,0,0,not available
trial-27cc862820b6,not available,2026-10-05 19:55:54.485000,2026-10-05 20:04:26.812000,512.33,1h,GoldDonchianRegimeBreakout,trend,london_ny,both,,6,not available,1,rejected,smoke_run,policy_scan,1,not available,45f054ad2d56a83d,0,0.0,0.0,0.0,0.0,0.0,0.0,0.0,0.0,0.0,0,0,not available,not available,0,0.0,0.0,3,0,0,0,not available
trial-45852ba1710a,not available,2026-10-05 20:04:28.125000,2026-10-05 20:06:33.210000,125.08,1h,GoldLiquiditySweepReversal,mean_reversion,london_ny,both,,4,not available,1,rejected,minimum_sample,train_backtest,6,not available,dfa0992e83f9bf29,61,20.3,0.3115,0.5977,-0.9335,-14.4,16.94,-236.02,0.2621,8.1,21,40,not available,not available,0,0.0,0.0,0,0,0,0,not available
trial-84ceebf6419f,not available,2026-10-05 20:06:34.505000,2026-10-05 20:10:28.243000,233.74,1h,GoldVWAPMeanReversionSession,mean_reversion,london_ny,both,,6,not available,1,rejected,basic_quality,minimum_sample,7,not available,ac18b4fbf0105887,100,33.4,0.4,0.7801,-0.5867,-12.3,17.58,-122.99,0.1432,17.6,37,63,not available,not available,0,0.0,0.0,0,0,0,0,not available
trial-2421ebc1f069,not available,2026-10-05 20:10:29.637000,2026-10-05 20:12:53.366000,143.73,4h,GoldAdxMacdTrendContinuation,trend,london_ny,both,,6,not available,1,rejected,minimum_sample,train_backtest,6,not available,510156f52543590e,66,22.0,0.3788,0.9636,-0.0526,-1.42,8.45,-21.47,0.1349,9.0,35,31,not available,not available,0,0.0,0.0,0,0,0,0,not available
trial-b80578de0d9e,not available,2026-10-05 20:12:54.759000,2026-10-05 20:15:37.425000,162.67,1h,GoldBollingerZScoreMeanReversion,mean_reversion,london_ny,both,,6,not available,1,rejected,basic_quality,minimum_sample,7,not available,265fa57beccb5c75,827,275.9,0.4571,0.8011,-1.5461,-57.2,60.9,-69.17,0.2063,5.2,381,446,not available,not available,0,0.0,0.0,0,0,0,0,not available
trial-1305388616e6,not available,2026-10-05 20:15:38.991000,2026-10-05 20:18:02.421000,143.43,1h,GoldSupertrendRsiContinuation,trend,london_ny,both,,6,not available,1,rejected,minimum_sample,train_backtest,6,not available,a6bf4e3c77fab3a3,4,1.3,0.0,0.0,-0.993,-3.85,3.85,-961.8,1.0,4.2,3,1,not available,not available,0,0.0,0.0,0,0,0,0,not available
trial-22d50b9e62a4,not available,2026-10-05 20:18:03.752000,2026-10-05 20:19:55.338000,111.59,4h,GoldEmaRocMomentumTrend,trend,london_ny,both,,6,not available,1,rejected,basic_quality,minimum_sample,7,not available,e6d71610f9cf3d82,265,88.4,0.366,0.9237,-0.2777,-11.14,19.32,-42.03,0.1512,7.8,130,135,not available,not available,0,0.0,0.0,0,0,0,0,not available
trial-c6d7cbf14629,not available,2026-10-05 20:19:56.732000,2026-10-05 20:23:12.982000,196.25,1h,GoldSessionOrderBlockBOS,trend,london_ny,both,,6,not available,1,rejected,minimum_sample,train_backtest,6,not available,761490a666bffe49,70,23.4,0.3143,0.6671,-0.697,-14.32,14.93,-204.62,0.2279,7.9,36,34,not available,not available,0,0.0,0.0,0,0,0,0,not available
trial-9a3660c5a1a3,not available,2026-10-05 20:23:14.325000,2026-10-05 20:31:08.987000,474.66,1h,GoldSessionRangeVolatilityExpansion,trend,london_ny,both,,6,not available,1,rejected,smoke_run,policy_scan,1,not available,af8e99f813c63084,0,0.0,0.0,0.0,0.0,0.0,0.0,0.0,0.0,0.0,0,0,not available,not available,0,0.0,0.0,3,0,0,0,not available
trial-79e21e3fb3d9,not available,2026-10-05 20:31:10.289000,2026-10-05 20:34:35.931000,205.64,1h,GoldKeltnerRocMomentum,trend,london_ny,both,,6,not available,1,rejected,basic_quality,minimum_sample,7,not available,4d8ddb7b958d4851,465,155.1,0.3247,0.7314,-1.5741,-55.25,56.94,-118.83,0.1952,9.2,255,210,not available,not available,0,0.0,0.0,0,0,0,0,not available
trial-6681001dc56a,not available,2026-10-05 20:34:37.382000,2026-10-05 20:37:27.976000,170.59,4h,GoldStochTrendPullback,trend,london_ny,both,,6,not available,1,rejected,minimum_sample,train_backtest,6,not available,d59911c5c52c0d6a,9,3.0,0.2222,0.5341,-0.402,-3.23,4.37,-358.95,0.2066,8.6,3,6,not available,not available,0,0.0,0.0,0,0,0,0,not available
trial-078e70112342,not available,2026-10-05 20:37:29.315000,2026-10-05 20:40:21.498000,172.18,4h,GoldPrevWeekLiquidityRun,trend,london_ny,both,,3,not available,1,rejected,basic_quality,minimum_sample,7,not available,49256c80dd0a8fb7,143,47.7,0.3566,0.7757,-0.6923,-18.58,22.67,-129.94,0.1501,14.2,68,75,not available,not available,0,0.0,0.0,0,0,0,0,not available
trial-fedf3ad950fd,not available,2026-10-05 20:40:22.856000,2026-10-05 20:42:36.152000,133.3,1h,Strategy_trial-fe,unknown,all,both,,0,not available,1,rejected,minimum_sample,train_backtest,6,not available,73d9f0dcffcc5f82,1,0.3,0.0,0.0,-0.531,-1.0,2.1,-1001.07,1.0,38.0,1,0,not available,not available,0,0.0,0.0,0,0,0,0,not available
trial-5fb0406ab35f,not available,2026-10-05 20:42:37.487000,2026-10-05 20:45:14.140000,156.65,4h,GoldPrevDaySweepContinuation,trend,london_ny,both,,4,not available,1,rejected,basic_quality,minimum_sample,7,not available,35ca2e94fe80f51e,190,63.4,0.3579,0.8952,-0.3432,-11.01,23.28,-57.94,0.1577,6.6,99,91,not available,not available,0,0.0,0.0,0,0,0,0,not available
trial-55ac0544da24,not available,2026-10-05 20:45:15.493000,2026-10-05 20:48:34.581000,199.09,4h,GoldAdxKeltnerMomentumBreakout,trend,london_ny,both,,6,not available,1,rejected,basic_quality,minimum_sample,7,not available,2bb789e40bfc5637,149,49.7,0.3826,0.9395,-0.1644,-5.62,12.95,-37.75,0.1392,8.2,94,55,not available,not available,0,0.0,0.0,0,0,0,0,not available
trial-f7556b51a205,not available,2026-10-05 20:48:35.911000,2026-10-05 20:54:07.662000,331.75,4h,GoldZScoreSessionMomentum,trend,london_ny,both,,6,not available,1,rejected,basic_quality,minimum_sample,7,not available,64c5d2ae2415ceee,171,57.0,0.4035,1.0255,0.123,2.46,14.8,14.38,0.1153,12.1,86,85,not available,not available,0,0.0,0.0,0,0,0,0,not available
trial-35ba1f9a6c9d,not available,2026-10-05 20:54:09.008000,2026-10-05 20:57:25.993000,196.99,1h,GoldHTFDonchianTrendPullback,trend,london_ny,both,,6,not available,1,rejected,minimum_sample,train_backtest,6,not available,e53140112cc66206,50,16.7,0.32,0.546,-0.9962,-14.16,15.6,-283.24,0.289,8.1,26,24,not available,not available,0,0.0,0.0,0,0,0,0,not available
trial-d5926040c87d,not available,2026-10-05 20:57:27.301000,2026-10-05 20:59:31.041000,123.74,4h,GoldAdxDiDonchianBreakout,trend,london_ny,both,,6,not available,1,rejected,minimum_sample,train_backtest,6,not available,8a972d6fbf703f18,34,11.3,0.3235,0.7451,-0.4658,-5.73,11.07,-168.55,0.1694,9.4,16,18,not available,not available,0,0.0,0.0,0,0,0,0,not available
trial-004f04e2d6c4,not available,2026-10-05 20:59:32.377000,2026-10-05 21:01:32.882000,120.5,1h,GoldSqueezeSessionBreakout,trend,london_ny,both,,6,not available,1,rejected,minimum_sample,train_backtest,6,not available,780647a4868c3855,38,12.7,0.2895,0.8155,-0.2721,-4.2,8.66,-110.63,0.1995,12.2,17,21,not available,not available,0,0.0,0.0,0,0,0,0,not available
trial-7914ad080198,not available,2026-10-05 21:01:34.224000,2026-10-05 21:06:43.245000,309.02,1h,GoldHtfTrendFvgMomentum,trend,london_ny,both,,5,not available,1,rejected,basic_quality,minimum_sample,7,not available,84ead1619db943bf,319,106.4,0.348,0.812,-0.8067,-30.52,36.13,-95.69,0.1909,10.3,182,137,not available,not available,0,0.0,0.0,0,0,0,0,not available
trial-58a35d588c4f,not available,2026-10-05 21:06:44.636000,2026-10-05 21:10:50.574000,245.94,1h,GoldVolPercentileRsiTrend,trend,london_ny,both,,6,not available,1,rejected,minimum_sample,train_backtest,6,not available,62e4d678d885e0bf,5,1.7,0.4,1.0132,0.0146,0.04,2.06,7.8,0.1748,5.8,2,3,not available,not available,0,0.0,0.0,0,0,0,0,not available
trial-9eea09def7ce,not available,2026-10-05 21:10:51.893000,2026-10-05 21:18:30.878000,458.99,4h,GoldWmaRsiRegimeTrend,trend,london_ny,both,,5,not available,1,rejected,minimum_sample,train_backtest,6,not available,f992fb8c1f97baa6,0,0.0,0.0,0.0,0.0,0.0,0.0,0.0,0.0,0.0,0,0,not available,not available,0,0.0,0.0,0,0,0,0,not available
trial-399e305ac547,not available,2026-10-05 21:18:32.203000,2026-10-05 21:20:54.902000,142.7,1h,GoldDonchianSessionSweep,trend,london_ny,both,,6,not available,1,rejected,minimum_sample,train_backtest,6,not available,32dbb5378cb89191,57,19.0,0.2807,0.5224,-1.0044,-16.78,18.09,-294.32,0.2871,7.6,26,31,not available,not available,0,0.0,0.0,0,0,0,0,not available
trial-f8bf4fff717f,not available,2026-10-05 21:20:56.205000,2026-10-05 21:27:26.427000,390.22,1h,GoldVwapRegimeTrend,trend,london_ny,both,,5,not available,1,rejected,smoke_run,policy_scan,1,not available,803ec27be5800d66,0,0.0,0.0,0.0,0.0,0.0,0.0,0.0,0.0,0.0,0,0,not available,not available,0,0.0,0.0,3,0,0,0,not available
trial-e09e8d5891e2,not available,2026-10-05 21:27:27.764000,2026-10-05 21:30:33.629000,185.87,4h,GoldMacdAdxTrendContinuation,trend,london_ny,both,,6,not available,1,rejected,minimum_sample,train_backtest,6,not available,c21cefed8ac88812,56,18.7,0.3929,1.0321,0.0839,1.05,8.43,18.78,0.129,9.4,32,24,not available,not available,0,0.0,0.0,0,0,0,0,not available
trial-6b8ca5a4bc9a,not available,2026-10-05 21:30:34.962000,2026-10-05 21:32:44.189000,129.23,1h,GoldBollingerRsiSessionReversion,reversion,london_ny,both,,6,not available,1,rejected,minimum_sample,train_backtest,6,not available,429bad6a9c0b2fde,8,2.7,0.25,0.4705,-0.4879,-3.13,5.39,-391.02,0.2806,5.0,4,4,not available,not available,0,0.0,0.0,0,0,0,0,not available
trial-11f1dd934f08,not available,2026-10-05 21:32:45.522000,2026-10-05 21:35:50.802000,185.28,4h,GoldSupertrendBosMomentum,trend,london_ny,both,,6,not available,1,rejected,minimum_sample,train_backtest,6,not available,c0fea62cfeac7e93,53,17.7,0.3585,0.8655,-0.2491,-4.49,10.47,-84.75,0.1544,8.6,27,26,not available,not available,0,0.0,0.0,0,0,0,0,not available
trial-ae077a88f1de,not available,2026-10-05 21:35:52.184000,2026-10-05 21:37:25.940000,93.76,1h,GoldRocSessionTrend,trend,london_ny,both,,6,not available,1,rejected,minimum_sample,train_backtest,6,not available,27da5b7a487b9cc4,68,22.7,0.3676,0.8569,-0.2774,-5.66,10.56,-83.25,0.193,10.2,33,35,not available,not available,0,0.0,0.0,0,0,0,0,not available
trial-d9955dc0f39c,not available,2026-10-05 21:37:27.282000,2026-10-05 21:40:54.079000,206.8,4h,GoldAdxKeltnerRocContinuation,trend,london_ny,both,,6,not available,1,rejected,basic_quality,minimum_sample,7,not available,a1349bf09d0ae9a5,101,33.7,0.4257,1.0629,0.1816,3.61,10.56,35.73,0.1117,10.9,65,36,not available,not available,0,0.0,0.0,0,0,0,0,not available
trial-23774f19d27b,not available,2026-10-05 21:40:55.425000,2026-10-05 21:43:01.129000,125.7,4h,GoldBbWidthMomentumBreakout,trend,london_ny,both,,6,not available,1,rejected,basic_quality,minimum_sample,7,not available,a09628f4d8254a89,133,44.4,0.3609,1.0853,0.2594,6.95,10.04,52.29,0.1235,9.6,76,57,not available,not available,0,0.0,0.0,0,0,0,0,not available
trial-d6a209c91741,not available,2026-10-05 21:43:02.693000,2026-10-05 21:46:09.860000,187.17,1h,GoldKeltnerRsiMomentumFlow,trend,london_ny,both,,6,not available,1,rejected,basic_quality,minimum_sample,7,not available,84843067865cc6f1,409,136.4,0.3227,0.7195,-1.5341,-51.78,54.25,-126.59,0.1986,9.1,216,193,not available,not available,0,0.0,0.0,0,0,0,0,not available
trial-ac2b26ccd9dd,not available,2026-10-05 21:46:11.305000,2026-10-05 21:50:26.903000,255.6,4h,GoldChochPremiumDiscountTrend,trend,london_ny,both,,6,not available,1,rejected,minimum_sample,train_backtest,6,not available,14f8735e7c4f10d6,10,3.3,0.0,0.0,-1.705,-9.47,9.74,-946.53,1.0,14.5,6,4,not available,not available,0,0.0,0.0,0,0,0,0,not available
trial-ac40eb2e59ed,not available,2026-10-05 21:50:28.196000,2026-10-05 21:57:11.990000,403.79,1h,GoldHtfEmaStochSessionMomentum,trend,london_ny,both,,6,not available,1,rejected,smoke_run,policy_scan,1,not available,8e84fd3ba1fb29f2,0,0.0,0.0,0.0,0.0,0.0,0.0,0.0,0.0,0.0,0,0,not available,not available,0,0.0,0.0,3,0,0,0,not available
trial-34ddea38d9dc,not available,2026-10-05 21:57:13.296000,2026-10-05 21:59:45.149000,151.85,4h,GoldLiqSweepEmaTrend,trend,london_ny,both,,6,not available,1,rejected,minimum_sample,train_backtest,6,not available,5bb481faa1d423c2,57,19.0,0.2982,0.6782,-0.7213,-11.68,16.04,-204.84,0.185,7.4,22,35,not available,not available,0,0.0,0.0,0,0,0,0,not available
trial-3731c053240e,not available,2026-10-05 21:59:46.502000,2026-10-05 22:02:24.801000,158.3,1h,GoldStochEmaSessionPullback,trend,london_ny,both,,6,not available,1,rejected,minimum_sample,train_backtest,6,not available,f942e2bad1394f77,95,31.7,0.2947,0.6533,-1.0355,-21.05,22.42,-221.6,0.2191,9.4,45,50,not available,not available,0,0.0,0.0,0,0,0,0,not available
trial-c810668aa90a,not available,2026-10-05 22:02:26.144000,2026-10-05 22:05:28.039000,181.89,1h,GoldOrBosSessionTrend,trend,london_ny,both,,6,not available,1,rejected,minimum_sample,train_backtest,6,not available,889d63b04a851e7b,67,22.3,0.2836,0.5912,-0.8984,-17.24,17.43,-257.28,0.2547,7.2,33,34,not available,not available,0,0.0,0.0,0,0,0,0,not available
trial-caf9274c9e0d,not available,2026-10-05 22:05:29.412000,2026-10-05 22:09:21.585000,232.17,4h,GoldZscoreSwingSweep,mean_reversion,london_ny,both,,6,not available,1,rejected,minimum_sample,train_backtest,6,not available,bc6c8ffe8c95f8a8,0,0.0,0.0,0.0,0.0,0.0,0.0,0.0,0.0,0.0,0,0,not available,not available,0,0.0,0.0,0,0,0,0,not available
trial-bd60b45b9ca2,not available,2026-10-05 22:09:22.894000,2026-10-05 22:13:23.184000,240.29,1h,GoldPrevDayLiqSweepSessionTrend,trend,london_ny,both,,6,not available,1,rejected,minimum_sample,train_backtest,6,not available,44db5763a0e7e163,0,0.0,0.0,0.0,0.0,0.0,0.0,0.0,0.0,0.0,0,0,not available,not available,0,0.0,0.0,0,0,0,0,not available
trial-6df9cd4b6897,not available,2026-10-05 22:13:24.538000,2026-10-05 22:15:53.234000,148.7,1h,GoldSessionVwapRocMomentum,trend,london_ny,both,,6,not available,1,rejected,minimum_sample,train_backtest,6,not available,4ba7fd502502d673,4,1.3,0.25,0.5203,-0.3111,-1.4,3.45,-349.21,0.2326,10.0,2,2,not available,not available,0,0.0,0.0,0,0,0,0,not available
trial-19449b693198,not available,2026-10-05 22:15:54.533000,2026-10-05 22:17:49.317000,114.78,1h,GoldSqueezeAdxMomentum,trend,london_ny,both,,6,not available,1,rejected,minimum_sample,train_backtest,6,not available,129140e7cc90d208,9,3.0,0.3333,0.9414,-0.0368,-0.35,2.91,-38.54,0.1603,8.2,4,5,not available,not available,0,0.0,0.0,0,0,0,0,not available
trial-4f041ece917b,not available,2026-10-05 22:17:50.654000,2026-10-05 22:22:40.506000,289.85,1h,GoldHtfDonchianAdxTrend,trend,london_ny,both,,6,not available,1,rejected,minimum_sample,train_backtest,6,not available,50d51172150d8bda,0,0.0,0.0,0.0,0.0,0.0,0.0,0.0,0.0,0.0,0,0,not available,not available,0,0.0,0.0,0,0,0,0,not available
trial-da693a8c699c,not available,2026-10-05 22:22:41.886000,2026-10-05 22:25:08.132000,146.25,4h,GoldKeltnerRocSessionFlow,trend,london_ny,both,,6,not available,1,rejected,basic_quality,minimum_sample,7,not available,268d5a96d9bcfb68,135,45.0,0.3926,0.9882,0.0038,-0.92,12.83,-6.85,0.1354,9.1,86,49,not available,not available,0,0.0,0.0,0,0,0,0,not available
trial-3a95977a325f,not available,2026-10-05 22:25:09.513000,2026-10-05 22:39:12.030000,842.52,4h,GoldVolRegimeWmaOrderBlock,trend,none,both,,4,not available,1,rejected,smoke_run,policy_scan,1,not available,09949317d62c772c,0,0.0,0.0,0.0,0.0,0.0,0.0,0.0,0.0,0.0,0,0,not available,not available,0,0.0,0.0,3,0,0,0,not available
trial-7b960a9dbbcd,not available,2026-10-05 22:39:13.362000,2026-10-05 22:41:16.153000,122.79,4h,GoldDonchianAdxVolBreakout,trend,london_ny,both,,6,not available,1,rejected,minimum_sample,train_backtest,6,not available,7cc4ce27dcb068da,39,13.0,0.3333,0.7732,-0.3827,-5.66,11.61,-145.19,0.1643,9.8,19,20,not available,not available,0,0.0,0.0,0,0,0,0,not available
trial-6d339bc5d398,not available,2026-10-05 22:41:17.582000,2026-10-05 22:44:09.218000,171.64,4h,GoldRsiTrendPullbackBreakout,trend,london_ny,both,,6,not available,1,rejected,minimum_sample,train_backtest,6,not available,7356607250ac05d4,19,6.3,0.3684,0.8726,-0.1585,-1.57,5.28,-82.84,0.1395,8.4,9,10,not available,not available,0,0.0,0.0,0,0,0,0,not available
trial-ef66f60be5f6,not available,2026-10-05 22:44:10.585000,2026-10-05 22:48:12.263000,241.68,1h,GoldMacdHtfTrendSessionFlow,trend,london_ny,both,,6,not available,1,rejected,basic_quality,minimum_sample,7,not available,c4a2d2d3323e59c2,104,34.7,0.3654,0.8801,-0.2679,-7.28,14.72,-69.98,0.1786,9.3,60,44,not available,not available,0,0.0,0.0,0,0,0,0,not available
trial-2d4b5ac32de9,not available,2026-10-05 22:48:13.652000,2026-10-05 22:51:00.708000,167.06,4h,GoldBollingerAdxTrendPullback,trend,london_ny,both,,6,not available,1,rejected,minimum_sample,train_backtest,6,not available,a2d9172deca283eb,6,2.0,0.5,1.5458,0.2621,1.63,2.42,270.98,0.1016,7.8,4,2,not available,not available,0,0.0,0.0,0,0,0,0,not available
trial-df5908c08d7d,not available,2026-10-05 22:51:02.017000,2026-10-05 22:53:28.659000,146.64,4h,GoldSupertrendFvgContinuation,trend,london_ny,both,,6,not available,1,rejected,basic_quality,minimum_sample,7,not available,a3835806edbb52ae,300,100.1,0.37,0.9108,-0.3301,-14.42,26.25,-48.06,0.1459,8.2,155,145,not available,not available,0,0.0,0.0,0,0,0,0,not available
